{"type": "FeatureCollection", "features": [{"type": "Feature", "properties": {"height": 3.534938688054389}, "geometry": {"type": "Polygon", "coordinates": [[[11.953227211457492, 57.69800045211453], [11.95329633502638, 57.69799192480648], [11.953319591450992, 57.69804599017142], [11.953250483783085, 57.698054526864496], [11.953227211457492, 57.69800045211453]]]}}, {"type": "Feature", "properties": {"height": 2.528536358040684}, "geometry": {"type": "Polygon", "coordinates": [[[11.95234333880815, 57.69859425714946], [11.952415560992103, 57.698582434486745], [11.952436000249298, 57.69861827651098], [11.952363768785885, 57.69863000908331], [11.95234333880815, 57.69859425714946]]]}}, {"type": "Feature", "properties": {"height": 13.905175639980659}, "geometry": {"type": "Polygon", "coordinates": [[[11.959595869172276, 57.69768901374287], [11.95971441706622, 57.697948288448714], [11.959758086100091, 57.69794240840549], [11.959749735700726, 57.697920672654256], [11.959931812701178, 57.697895173123996], [11.959973185440932, 57.69798515682016], [11.959790081816264, 57.698009481287286], [11.95978705859498, 57.69800429449923], [11.959742539927904, 57.698009695747956], [11.959763437093486, 57.69806238185747], [11.959576148315543, 57.698083558525184], [11.959218264874709, 57.69731230382585], [11.959404132140417, 57.69728761524593], [11.95956526481873, 57.697628778096544], [11.959609675547021, 57.69762325747893], [11.959601209318006, 57.69759910118156], [11.959783408235458, 57.6975751327618], [11.959824598032014, 57.69766488742544], [11.959638696807453, 57.69768856019579], [11.959637805518105, 57.69768457510169], [11.959595869172276, 57.69768901374287]]]}}, {"type": "Feature", "properties": {"height": 13.136132329661315}, "geometry": {"type": "Polygon", "coordinates": [[[11.958880119268647, 57.69736929162024], [11.958905625566526, 57.69736620184941], [11.958857483463511, 57.69726269894539], [11.958705565366731, 57.69728270241937], [11.958657436983744, 57.69718004462251], [11.958966855477822, 57.69713871579194], [11.959010936330742, 57.69715133406477], [11.95926706205391, 57.69770286938123], [11.959074757111294, 57.69772963202218], [11.959052462368103, 57.697682215049944], [11.959027035516485, 57.69768575615916], [11.959007950051765, 57.697645310066626], [11.959034216784591, 57.69764176219021], [11.95899686687928, 57.6975616896666], [11.958956299894847, 57.69756701486928], [11.95896041691784, 57.69757637140697], [11.958767102488, 57.69760216557191], [11.958729758076215, 57.69752163470823], [11.958923084338734, 57.69749589481793], [11.958934674680576, 57.697521025071794], [11.958975242368556, 57.697515690905746], [11.958926794104276, 57.69741103022138], [11.958900874624554, 57.69741444261566], [11.958880119268647, 57.69736929162024]]]}}, {"type": "Feature", "properties": {"height": 16.1852613787199}, "geometry": {"type": "Polygon", "coordinates": [[[11.960014070996875, 57.697039775160455], [11.960099875136816, 57.697201264979974], [11.96005137939193, 57.69720866492314], [11.960131927693375, 57.69736016865084], [11.96018035586289, 57.69735277603808], [11.960266127183068, 57.69751427391671], [11.959841915980732, 57.69757886690903], [11.959569685711234, 57.69706615102971], [11.959647806300612, 57.69705578731916], [11.95966194901949, 57.69708631767576], [11.960014070996875, 57.697039775160455]]]}}, {"type": "Feature", "properties": {"height": 13.152547210859016}, "geometry": {"type": "Polygon", "coordinates": [[[11.959816511075305, 57.69893357961033], [11.959766020693797, 57.698910282754454], [11.9597208870004, 57.69852299631179], [11.95987796740553, 57.69852036343267], [11.959878214951718, 57.69852622051331], [11.959901738500538, 57.69852696565436], [11.9599037019056, 57.69855039939169], [11.959881981024568, 57.69855057839344], [11.95988338009784, 57.69858194388199], [11.959912582100387, 57.69858403886893], [11.959917657616979, 57.69862181122035], [11.959924344387103, 57.69862254715974], [11.959929964262951, 57.69867685237583], [11.9599582165309, 57.69867946379951], [11.959964958105791, 57.698806085746035], [11.959975117096517, 57.6988130618532], [11.960103348294048, 57.69880754226161], [11.960100144865216, 57.69877747261391], [11.96012642539975, 57.69877476969602], [11.960199230195274, 57.69877138727995], [11.960219405768795, 57.698915391100996], [11.959816511075305, 57.69893357961033]]]}}, {"type": "Feature", "properties": {"height": 13.440403964971921}, "geometry": {"type": "Polygon", "coordinates": [[[11.958754327197974, 57.69916227754564], [11.95876343437384, 57.699217817134276], [11.95879026604339, 57.69921675455219], [11.958795440024522, 57.6992543405827], [11.95878245365416, 57.69925485523717], [11.958791087756621, 57.699317636695795], [11.958641823370433, 57.699323512097614], [11.958620149521396, 57.699165621540196], [11.95861952873025, 57.69916021386383], [11.958598382227441, 57.69916094573601], [11.958585952241329, 57.69907177434305], [11.958629550662588, 57.699044339947285], [11.958962065677964, 57.699029658167845], [11.958962853881564, 57.69903267009347], [11.95897091294388, 57.699032657126324], [11.959257333754872, 57.69901972453255], [11.959265222817246, 57.69901953668958], [11.959264744977387, 57.69901622663811], [11.959598131681819, 57.699001752894], [11.959649943701736, 57.69902470409161], [11.959661363358306, 57.699115945241864], [11.959650692613854, 57.69911627297018], [11.959671952423733, 57.69928395914779], [11.959504646369721, 57.699291981441334], [11.959478115243176, 57.69912270348413], [11.959471328895317, 57.699122953799204], [11.959470935418206, 57.699118036940284], [11.959451822850584, 57.69911133091432], [11.959280167479216, 57.69911757659919], [11.959280145952595, 57.699114430311866], [11.959272346312352, 57.699114952858515], [11.959165290145178, 57.699119785286825], [11.95916699497536, 57.69913068367179], [11.95909241123049, 57.69913404970134], [11.959090514894047, 57.699122032209694], [11.958977784301638, 57.69912726733659], [11.958977962603955, 57.69913034549019], [11.958807505438433, 57.69913931571727], [11.95879146326061, 57.699149643608145], [11.958791260632355, 57.69915406079077], [11.958754335397897, 57.699155375023544], [11.958755518459979, 57.6991602839067], [11.958754327197974, 57.69916227754564]]]}}, {"type": "Feature", "properties": {"height": 12.938738811188262}, "geometry": {"type": "Polygon", "coordinates": [[[11.96022182388539, 57.698974652580546], [11.960245290489006, 57.69912545843781], [11.960171026783225, 57.69912821262742], [11.960165865845381, 57.699092056064245], [11.960012133030727, 57.69909918285542], [11.96000206399119, 57.69910394712673], [11.960017670726662, 57.69922494896796], [11.960029833628058, 57.699225645740064], [11.96003645761169, 57.69928159290008], [11.95981722320541, 57.699294874834074], [11.959782317706548, 57.699008426994794], [11.959800366537063, 57.698995585658515], [11.96022182388539, 57.698974652580546]]]}}, {"type": "Feature", "properties": {"height": 13.041267753373381}, "geometry": {"type": "Polygon", "coordinates": [[[11.958627536949438, 57.69932391458651], [11.958803682591556, 57.699316986795594], [11.958826890417303, 57.6994892229479], [11.958845437853558, 57.69949726366687], [11.958898893784042, 57.699495214360965], [11.958901602546428, 57.69951535848727], [11.958909546760296, 57.69958836956838], [11.958719392433542, 57.69959537415096], [11.958700202337427, 57.699602399684], [11.958654349546425, 57.69958145188499], [11.958661606593425, 57.69957519102654], [11.958627536949438, 57.69932391458651]]]}}, {"type": "Feature", "properties": {"height": 12.415037886549936}, "geometry": {"type": "Polygon", "coordinates": [[[11.959972473716135, 57.699285474850434], [11.959976920917526, 57.69933174364518], [11.959992809876042, 57.699440169193664], [11.960024372209485, 57.69943834821507], [11.960023856958825, 57.69944369262676], [11.960037607225019, 57.69954078693776], [11.959911945045365, 57.699546269377], [11.959859274298788, 57.69952734222224], [11.95982505951656, 57.69929952118401], [11.959821949618606, 57.69929456600162], [11.959972473716135, 57.699285474850434]]]}}, {"type": "Feature", "properties": {"height": 8.896776293720794}, "geometry": {"type": "Polygon", "coordinates": [[[11.958800046583983, 57.69788046860075], [11.958964182169744, 57.69785973409456], [11.95907079234724, 57.698102373427425], [11.958966546210872, 57.69811556904877], [11.95890672272791, 57.69812310967248], [11.95888941198299, 57.69808391960328], [11.95881761150423, 57.69792042877011], [11.958800046583983, 57.69788046860075]]]}}, {"type": "Feature", "properties": {"height": 13.04593148885051}, "geometry": {"type": "Polygon", "coordinates": [[[11.959576148315543, 57.698083558525184], [11.959763437093486, 57.69806238185747], [11.959793040227066, 57.698066895280554], [11.959803813939532, 57.69808735906244], [11.959783761276883, 57.69810088025134], [11.959836449156057, 57.69821868391191], [11.959975178408687, 57.69821306627495], [11.959941875825418, 57.69814055131594], [11.9599927078079, 57.698135535415936], [11.960037047283224, 57.69812906919721], [11.96010226233242, 57.69829849478402], [11.960100936771154, 57.698298687624344], [11.960101051245369, 57.698298924061255], [11.959728366318188, 57.698312472441756], [11.959672577543866, 57.69829131313474], [11.959576148315543, 57.698083558525184]]]}}, {"type": "Feature", "properties": {"height": 7.874314648367383}, "geometry": {"type": "Polygon", "coordinates": [[[11.959880239245464, 57.69765876481638], [11.95991641393381, 57.69765557173973], [11.959920031295605, 57.69766528473747], [11.959954874454263, 57.69766816243953], [11.959976258785314, 57.69766778659795], [11.960014648884139, 57.69766700157241], [11.960037891511577, 57.69766328193986], [11.960070163108352, 57.69765818844224], [11.960102875119073, 57.697649042984764], [11.960100342270096, 57.697638807794846], [11.960143271861142, 57.69763473439946], [11.960205891045074, 57.69783251733881], [11.95996889504701, 57.69785412678042], [11.959943976640412, 57.69785821058147], [11.959934315951198, 57.69785270248553], [11.959892769069626, 57.69776199555316], [11.959915101374557, 57.697759323624126], [11.959911782040248, 57.69775206250187], [11.95990337984719, 57.697717328993896], [11.95990569223553, 57.6977163779258], [11.959880239245464, 57.69765876481638]]]}}, {"type": "Feature", "properties": {"height": 14.343154024994908}, "geometry": {"type": "Polygon", "coordinates": [[[11.959384182887938, 57.69723684829569], [11.959373739986772, 57.697238269007684], [11.959193468547952, 57.69726248987749], [11.959126310490793, 57.69711930665657], [11.95956805580468, 57.697059964116384], [11.959615755494873, 57.697161757376435], [11.9594637708584, 57.69718216460652], [11.959471362799125, 57.6971983276196], [11.959407968341695, 57.69720683420278], [11.959372330289522, 57.69721163987761], [11.959384182887938, 57.69723684829569]]]}}, {"type": "Feature", "properties": {"height": 3.856409602468199}, "geometry": {"type": "Polygon", "coordinates": [[[11.960155717793551, 57.699170447412975], [11.960252621532485, 57.69916636782468], [11.960257591850066, 57.69919358581889], [11.960286123664075, 57.69935165877362], [11.960183965078754, 57.699355135750494], [11.960174719900332, 57.69929000288002], [11.96009353264669, 57.699293237770306], [11.960082046829816, 57.69921758911283], [11.96016213643838, 57.69921422898632], [11.960155717793551, 57.699170447412975]]]}}, {"type": "Feature", "properties": {"height": 9.616709136301337}, "geometry": {"type": "Polygon", "coordinates": [[[11.960355670926692, 57.69919190720429], [11.960387252468756, 57.69938309297301], [11.960291368309775, 57.69938761960613], [11.960285484010432, 57.69935167935354], [11.960278657560078, 57.69931055739884], [11.960259820026415, 57.69919644359345], [11.960355670926692, 57.69919190720429]]]}}, {"type": "Feature", "properties": {"height": 13.747063363645765}, "geometry": {"type": "Polygon", "coordinates": [[[11.960036964812392, 57.69812885150524], [11.960075701746453, 57.698124335818534], [11.960120835992615, 57.698118400982885], [11.960135717202729, 57.69816676306034], [11.960164710197848, 57.698165940887314], [11.960190838027986, 57.69817406472585], [11.960278539531961, 57.69816858658609], [11.960326957399248, 57.69820137860547], [11.9603631481443, 57.6982851078658], [11.960228864941746, 57.69829135407878], [11.960102482381943, 57.69829847310876], [11.96010226233242, 57.69829849478402], [11.960036964812392, 57.69812885150524]]]}}, {"type": "Feature", "properties": {"height": 16.7230603528276}, "geometry": {"type": "Polygon", "coordinates": [[[11.959886258669595, 57.69851677880065], [11.959728658792, 57.69852000139397], [11.95971825431514, 57.698407042882806], [11.959707027931401, 57.69840158701725], [11.959703053509081, 57.698396332424835], [11.959702294571247, 57.69839076864042], [11.959707094746301, 57.69838537442805], [11.959716489518744, 57.69838044118085], [11.959731679339141, 57.698378469428], [11.959754104531346, 57.698380500433075], [11.960160464594509, 57.6983621528183], [11.960165855149379, 57.69844843149847], [11.960181600055543, 57.698447848182084], [11.960181071683165, 57.69845154749137], [11.96016282079133, 57.69845799361591], [11.960080958665609, 57.69845928883953], [11.960065109858744, 57.69845089971049], [11.96000696920272, 57.6984521807771], [11.959996883129003, 57.69845795128252], [11.959987175704953, 57.698461007550286], [11.959977451109479, 57.69846366793651], [11.95996775760225, 57.69846475618458], [11.959956630740855, 57.69846492017903], [11.959953268152217, 57.698464380978145], [11.959941676339755, 57.698462682286625], [11.95993313725088, 57.698459412176604], [11.959927022816442, 57.69845545434466], [11.959880989266452, 57.69845749371253], [11.959886258669595, 57.69851677880065]]]}}, {"type": "Feature", "properties": {"height": 12.649000000000001}, "geometry": {"type": "Polygon", "coordinates": [[[11.96028675386691, 57.69941022116372], [11.96030387251154, 57.699531223331135], [11.960037787503577, 57.69954204059], [11.960023856958825, 57.69944369262676], [11.960144215396637, 57.699438792665056], [11.960140960339512, 57.69941614579514], [11.96028675386691, 57.69941022116372]]]}}, {"type": "Feature", "properties": {"height": 8.259616496140717}, "geometry": {"type": "Polygon", "coordinates": [[[11.959229918535007, 57.6993356108211], [11.959226410696965, 57.69931318254007], [11.959691620195892, 57.69929205363393], [11.959698142903736, 57.69933318630517], [11.959706179078033, 57.69938409824983], [11.959240985156992, 57.69940522760075], [11.959229918535007, 57.6993356108211]]]}}, {"type": "Feature", "properties": {"height": 3.627137843992177}, "geometry": {"type": "Polygon", "coordinates": [[[11.960017911604831, 57.69857034719213], [11.96003389635646, 57.69856029639878], [11.960181781719895, 57.69855400876769], [11.960185509461333, 57.698570015945045], [11.960297803971947, 57.69856535350272], [11.960300962414298, 57.698592357185404], [11.960133261762094, 57.698600721309305], [11.960108501408724, 57.69861432714622], [11.960114915826964, 57.698672974630746], [11.960032904726411, 57.69867644132454], [11.960017911604831, 57.69857034719213]]]}}, {"type": "Feature", "properties": {"height": 13.175}, "geometry": {"type": "Polygon", "coordinates": [[[11.958842724399872, 57.69825628185353], [11.958844124932384, 57.698245988410946], [11.959104861184592, 57.698233786897354], [11.959108200319989, 57.69823820833692], [11.959126650817009, 57.69833607191852], [11.95885841001908, 57.698345270850155], [11.958845647625818, 57.698259857424446], [11.958842724399872, 57.69825628185353]]]}}, {"type": "Feature", "properties": {"height": 5.688378842274755}, "geometry": {"type": "Polygon", "coordinates": [[[11.959637076864311, 57.69743600580862], [11.959620826239219, 57.697403986717404], [11.95973329452068, 57.69738759977626], [11.95978181706665, 57.69748319309913], [11.959671918067349, 57.69749916548534], [11.959656544910649, 57.69746889317097], [11.959626260187592, 57.69747331528736], [11.959609392220088, 57.69744005001144], [11.959637076864311, 57.69743600580862]]]}}, {"type": "Feature", "properties": {"height": 3.7143908183609855}, "geometry": {"type": "Polygon", "coordinates": [[[11.959304682646062, 57.69949164069762], [11.959316014191085, 57.699571312322185], [11.959183955381103, 57.69957639759912], [11.959174357371829, 57.69950488371906], [11.95922397460694, 57.69950296669121], [11.959218647330594, 57.69946339966004], [11.959309322022836, 57.699460141732246], [11.959313241009662, 57.69949128019338], [11.959304682646062, 57.69949164069762]]]}}, {"type": "Feature", "properties": {"height": 4.144671088950169}, "geometry": {"type": "Polygon", "coordinates": [[[11.959619037674297, 57.697161252057235], [11.959655070183597, 57.69723522587815], [11.959590922029513, 57.697243912170784], [11.959584991724695, 57.697231555044034], [11.959429752282087, 57.69725273785142], [11.959407968341695, 57.69720683420278], [11.959471362799125, 57.6971983276196], [11.9594637708584, 57.69718216460652], [11.959619037674297, 57.697161252057235]]]}}, {"type": "Feature", "properties": {"height": 9.830756721194806}, "geometry": {"type": "Polygon", "coordinates": [[[11.959658822067809, 57.69947858237147], [11.959670460145949, 57.69956081388808], [11.959316606170612, 57.69957526325871], [11.959304682646062, 57.69949164069762], [11.959658632570367, 57.69947723861776], [11.959658822067809, 57.69947858237147]]]}}, {"type": "Feature", "properties": {"height": 2.5}, "geometry": {"type": "Polygon", "coordinates": [[[11.958821830303686, 57.69777746054531], [11.958778891840096, 57.697782836531054], [11.958736280925052, 57.69768523682266], [11.958779235279135, 57.6976798702229], [11.958821830303686, 57.69777746054531]]]}}, {"type": "Feature", "properties": {"height": 4.946999999999999}, "geometry": {"type": "Polygon", "coordinates": [[[11.959190597362097, 57.6993036392683], [11.958967071940911, 57.699312232741654], [11.958961616118279, 57.69925838979512], [11.958988548615888, 57.69924051320614], [11.95907600769073, 57.69923655797863], [11.959076611277, 57.69923256387956], [11.959126713798472, 57.699230460827735], [11.959127653881952, 57.69923526499823], [11.95915262287982, 57.69923419351122], [11.959184416627256, 57.69924942838055], [11.959190597362097, 57.6993036392683]]]}}, {"type": "Feature", "properties": {"height": 2.7979947704681285}, "geometry": {"type": "Polygon", "coordinates": [[[11.960002998960453, 57.698048429234404], [11.960050455804712, 57.69804262214973], [11.960084428985338, 57.69812195704521], [11.960037974020937, 57.698127626440524], [11.960002998960453, 57.698048429234404]]]}}, {"type": "Feature", "properties": {"height": 2.8644090676118443}, "geometry": {"type": "Polygon", "coordinates": [[[11.960002998960453, 57.698048429234404], [11.960037974020937, 57.698127626440524], [11.95997053730153, 57.6981358743933], [11.959936660366123, 57.69805659570459], [11.960002998960453, 57.698048429234404]]]}}, {"type": "Feature", "properties": {"height": 3.4280203283305015}, "geometry": {"type": "Polygon", "coordinates": [[[11.959176289516211, 57.69851683481904], [11.959277585846465, 57.698512403217535], [11.959286254270534, 57.69856937927023], [11.95927074094289, 57.69857820996064], [11.959200935680778, 57.69858125949091], [11.95918505228442, 57.698573885052305], [11.959176289516211, 57.69851683481904]]]}}, {"type": "Feature", "properties": {"height": 3.716125277293939}, "geometry": {"type": "Polygon", "coordinates": [[[11.960167086705734, 57.698468782763534], [11.960238220681537, 57.69846589945435], [11.960242437474562, 57.69849569685045], [11.960265396486296, 57.698494765593544], [11.96026983331952, 57.6985259434266], [11.960175303851322, 57.69852975649855], [11.960172046162828, 57.69850674105857], [11.960167086705734, 57.698468782763534]]]}}, {"type": "Feature", "properties": {"height": 7.883252980328047}, "geometry": {"type": "Polygon", "coordinates": [[[11.959669866963184, 57.699556476444606], [11.959659076190967, 57.699480556832384], [11.959711935146345, 57.699478618665424], [11.959718074116504, 57.699526330249874], [11.959669866963184, 57.699556476444606]]]}}, {"type": "Feature", "properties": {"height": 3.939000000000001}, "geometry": {"type": "Polygon", "coordinates": [[[11.960155733795263, 57.69917045678546], [11.96014960290371, 57.699129450403284], [11.960245291241016, 57.69912544946797], [11.960252621532485, 57.69916636782468], [11.960155733795263, 57.69917045678546]]]}}, {"type": "Feature", "properties": {"height": 13.402632170712895}, "geometry": {"type": "Polygon", "coordinates": [[[11.960165277233578, 57.69845712689577], [11.960172046162828, 57.69850674105857], [11.96010710991491, 57.69850958453602], [11.96009958491435, 57.69845997916147], [11.960165277233578, 57.69845712689577]]]}}, {"type": "Feature", "properties": {"height": 11.894825478578317}, "geometry": {"type": "Polygon", "coordinates": [[[11.959702597732509, 57.69780095309962], [11.959718469386287, 57.697835893126], [11.959666588716248, 57.697842609382704], [11.959650709588775, 57.697807759048665], [11.959702597732509, 57.69780095309962]]]}}, {"type": "Feature", "properties": {"height": 9.313334852155933}, "geometry": {"type": "Polygon", "coordinates": [[[11.960412766268789, 57.69809332080295], [11.960413802635824, 57.698117604078995], [11.960289522127164, 57.69812228414935], [11.960278281047731, 57.69809437617869], [11.960304354527047, 57.69809293555051], [11.960304927796567, 57.698097110730025], [11.960412766268789, 57.69809332080295]]]}}, {"type": "Feature", "properties": {"height": 4.2481273226397285}, "geometry": {"type": "Polygon", "coordinates": [[[11.960285449750764, 57.69935168751815], [11.960289105604833, 57.6993737598008], [11.960287530411092, 57.69937412640288], [11.960183941460475, 57.699377443176395], [11.960184207904737, 57.699355042719105], [11.960285449750764, 57.69935168751815]]]}}, {"type": "Feature", "properties": {"height": 3.5651303274471067}, "geometry": {"type": "Polygon", "coordinates": [[[11.960328050797937, 57.69873520588927], [11.960430122233156, 57.698732346892655], [11.960434967249714, 57.698782687761735], [11.960332966447089, 57.69878550352214], [11.960328050797937, 57.69873520588927]]]}}, {"type": "Feature", "properties": {"height": 3.087475617391309}, "geometry": {"type": "Polygon", "coordinates": [[[11.958873329363442, 57.69865595532845], [11.958879523080174, 57.69870700280908], [11.95880301593719, 57.69870969325803], [11.958796826842068, 57.69865859195576], [11.958873329363442, 57.69865595532845]]]}}, {"type": "Feature", "properties": {"height": 3.2065703291440872}, "geometry": {"type": "Polygon", "coordinates": [[[11.958420791131658, 57.69587189683324], [11.958445096347532, 57.69594095128518], [11.95832498355252, 57.695953063686154], [11.958300678558777, 57.695884009213366], [11.958420791131658, 57.69587189683324]]]}}, {"type": "Feature", "properties": {"height": 2.6700000000000017}, "geometry": {"type": "Polygon", "coordinates": [[[11.955533169289204, 57.69593740453929], [11.955605853810264, 57.69599357597468], [11.955584572083112, 57.696057120706854], [11.95536064054412, 57.69614054924303], [11.955241962603852, 57.69612915388541], [11.95513256282929, 57.696044846971475], [11.955086150283567, 57.696009251946116], [11.955107432850307, 57.69594570730551], [11.955331363738658, 57.69586227920935], [11.955450040839334, 57.6958736744754], [11.955533169289204, 57.69593740453929]]]}}, {"type": "Feature", "properties": {"height": 14.545322988980113}, "geometry": {"type": "Polygon", "coordinates": [[[11.959476888929785, 57.69638470357564], [11.959366297905477, 57.69643659270596], [11.959171737644159, 57.696323386278586], [11.959139708424349, 57.69630478422166], [11.959129204370823, 57.69630793810769], [11.959046502280893, 57.69626005747668], [11.959063060403322, 57.696243360552494], [11.958964307256698, 57.69618891925985], [11.958907447682806, 57.69620258895786], [11.958912832817104, 57.696216838454475], [11.958712913217925, 57.69624341735688], [11.958707400872067, 57.696231285940755], [11.958706878081804, 57.69623011392869], [11.958673084928995, 57.69615549257506], [11.958662866015244, 57.69613283098707], [11.95899149245535, 57.6960368951089], [11.959532261589784, 57.69635873836053], [11.959483948741125, 57.69638138597408], [11.959476888929785, 57.69638470357564]]]}}, {"type": "Feature", "properties": {"height": 9.234532137642885}, "geometry": {"type": "Polygon", "coordinates": [[[11.958438002074587, 57.6963479334595], [11.958463884265889, 57.69634375630026], [11.958387422354589, 57.696155049758374], [11.958550998248192, 57.696140297377056], [11.958628873182521, 57.69632197328114], [11.95861703515231, 57.696323018839685], [11.95861809201446, 57.69632522831704], [11.958438698048848, 57.69634944219037], [11.958438002074587, 57.6963479334595]]]}}, {"type": "Feature", "properties": {"height": 10.722076430709034}, "geometry": {"type": "Polygon", "coordinates": [[[11.957821210686689, 57.696296698802655], [11.957823249465344, 57.696307012046304], [11.957781638045471, 57.696310595041055], [11.957777014373868, 57.69630128019855], [11.957726451390979, 57.696305717431095], [11.957724079259854, 57.69630397963324], [11.957575255492426, 57.696317953329604], [11.95755116504545, 57.69626136112043], [11.957589443009255, 57.69623028485476], [11.958306949748943, 57.69616165308317], [11.958333610711033, 57.6962456482019], [11.95812593609177, 57.69626481340293], [11.958075623929265, 57.69626946352814], [11.958069095058049, 57.69627005250587], [11.958068652402241, 57.69626372335139], [11.957872981716683, 57.696284264373915], [11.957873940688154, 57.696291441824464], [11.957821210686689, 57.696296698802655]]]}}, {"type": "Feature", "properties": {"height": 13.1767779570394}, "geometry": {"type": "Polygon", "coordinates": [[[11.956932229595848, 57.6963893256911], [11.957019348003112, 57.696286334829836], [11.957381121074821, 57.696251958872566], [11.957437153240265, 57.69627196567322], [11.957709507193483, 57.69688262208464], [11.957517073314294, 57.6969065570031], [11.957491478570184, 57.69684828381618], [11.957441834680909, 57.696852761030215], [11.957443537052653, 57.696858680081945], [11.957260960424744, 57.69688117098338], [11.957252075731661, 57.696861821961804], [11.957107942713296, 57.69687687868057], [11.95703004336167, 57.69669937156764], [11.957198055837074, 57.69667879560081], [11.95722253561814, 57.69673514558274], [11.957230967196736, 57.69673348791741], [11.957256379468907, 57.6967933296621], [11.957406757435846, 57.69677266174418], [11.957417780724048, 57.69679313176105], [11.957464942642787, 57.696786824233826], [11.957331656131535, 57.696498377265165], [11.957317250389972, 57.69650021478762], [11.957301992146544, 57.69646279951393], [11.95731484531158, 57.69645945961313], [11.957271171091406, 57.696357591437675], [11.957241264361869, 57.696373319887606], [11.957210106642483, 57.69637514986911], [11.9571773687901, 57.69636440367528], [11.957164242472109, 57.69636559786459], [11.957108951383384, 57.6964331781193], [11.957100456007447, 57.69643259624765], [11.957046498589774, 57.696496083105345], [11.957060742946497, 57.69649896937927], [11.957029549926574, 57.69653662433602], [11.957012563052086, 57.696534013619484], [11.956922895217021, 57.69663917215067], [11.956936606741278, 57.69664220740108], [11.956908428717528, 57.69667893720874], [11.956893781489462, 57.69667605021369], [11.956833040710508, 57.69675734963662], [11.956969016140896, 57.696788888111485], [11.956887253309203, 57.69688565333982], [11.956608390255788, 57.69682252659942], [11.95658891799993, 57.69679232600879], [11.956689882617358, 57.69667758874104], [11.956697627008959, 57.696678718809615], [11.956937889314728, 57.69639149312943], [11.956932229595848, 57.6963893256911]]]}}, {"type": "Feature", "properties": {"height": 7.897405449588463}, "geometry": {"type": "Polygon", "coordinates": [[[11.958369039199797, 57.69628595715022], [11.95837927619131, 57.6963176071183], [11.95832854366956, 57.69632226521195], [11.958318338721254, 57.696290633985576], [11.958369039199797, 57.69628595715022]]]}}, {"type": "Feature", "properties": {"height": 3.3834516530762}, "geometry": {"type": "Polygon", "coordinates": [[[11.95808857805433, 57.69631834579978], [11.958208293372419, 57.69630798567891], [11.958217033866958, 57.69633726281345], [11.958102172296195, 57.696347191412464], [11.95808956209367, 57.69632162309324], [11.95808846340573, 57.69632171351287], [11.95808857805433, 57.69631834579978]]]}}, {"type": "Feature", "properties": {"height": 2.6482901843913833}, "geometry": {"type": "Polygon", "coordinates": [[[11.95767460231632, 57.69633628755129], [11.957683422946658, 57.696360803057416], [11.957618156852934, 57.69637362285247], [11.95761096407641, 57.696364318110554], [11.957603539918285, 57.69634356617699], [11.95767460231632, 57.69633628755129]]]}}, {"type": "Feature", "properties": {"height": 2.5}, "geometry": {"type": "Polygon", "coordinates": [[[11.957842564310408, 57.69634810201263], [11.957924622790111, 57.69634000917198], [11.957936364978274, 57.69637412212168], [11.957854306423496, 57.69638221496919], [11.957842564310408, 57.69634810201263]]]}}, {"type": "Feature", "properties": {"height": 13.554641391185763}, "geometry": {"type": "Polygon", "coordinates": [[[11.957780598281795, 57.696355401787606], [11.957834832623767, 57.69649048246652], [11.957662311444746, 57.69650819152148], [11.957600635135575, 57.69637298568044], [11.957780598281795, 57.696355401787606]]]}}, {"type": "Feature", "properties": {"height": 2.6032433232929577}, "geometry": {"type": "Polygon", "coordinates": [[[11.954863223886381, 57.69637274082829], [11.95492889933629, 57.69639683674672], [11.95489815100763, 57.69642097507644], [11.954832482314915, 57.69639679841371], [11.954863223886381, 57.69637274082829]]]}}, {"type": "Feature", "properties": {"height": 2.5}, "geometry": {"type": "Polygon", "coordinates": [[[11.958153266708331, 57.6964510802421], [11.958154129157055, 57.69647581776509], [11.958121167965475, 57.69648874063318], [11.95793376892869, 57.696508114531746], [11.95792002552827, 57.69650445845668], [11.957887866499414, 57.69650561739333], [11.95788058737328, 57.696478532482615], [11.958153266708331, 57.6964510802421]]]}}, {"type": "Feature", "properties": {"height": 12.779156945049406}, "geometry": {"type": "Polygon", "coordinates": [[[11.958001959512696, 57.696702752196956], [11.957991522501016, 57.69667949210412], [11.958173103114861, 57.69665765030888], [11.958212501944551, 57.696746283958355], [11.958032826980524, 57.69676901651181], [11.958029696980304, 57.69676330580843], [11.957981754781159, 57.69676971162131], [11.95800582736309, 57.69682572807394], [11.95781784169478, 57.69684967155713], [11.957662311444746, 57.69650819152148], [11.957834832623767, 57.69649048246652], [11.957834714048259, 57.696490695324655], [11.95785589319008, 57.69648835554936], [11.957884157795325, 57.69655562686813], [11.957899459173749, 57.696554718602464], [11.957917813818744, 57.69659865260582], [11.95790616922125, 57.69660059255585], [11.957954638542262, 57.69670895722923], [11.958001959512696, 57.696702752196956]]]}}, {"type": "Feature", "properties": {"height": 3.658653626992985}, "geometry": {"type": "Polygon", "coordinates": [[[11.95805419078144, 57.696531961591354], [11.958198235677198, 57.69651353122906], [11.95823048604225, 57.696585724827095], [11.958086439368738, 57.696604173162974], [11.95805419078144, 57.696531961591354]]]}}, {"type": "Feature", "properties": {"height": 4.764515362650451}, "geometry": {"type": "Polygon", "coordinates": [[[11.957260941848332, 57.69653571070697], [11.95729910096663, 57.69662048599819], [11.957141754330122, 57.69664078839874], [11.957103578808962, 57.69655601266062], [11.957260941848332, 57.69653571070697]]]}}, {"type": "Feature", "properties": {"height": 3.731333569658581}, "geometry": {"type": "Polygon", "coordinates": [[[11.958175480064378, 57.696785398855546], [11.958260061258542, 57.69677485882347], [11.958295310426038, 57.69685593267516], [11.958210729051453, 57.69686647272894], [11.958175480064378, 57.696785398855546]]]}}, {"type": "Feature", "properties": {"height": 13.378579877923064}, "geometry": {"type": "Polygon", "coordinates": [[[11.958202214818359, 57.69638685230536], [11.958433294367923, 57.696358830454216], [11.95843010330629, 57.696349244499125], [11.958438002074587, 57.6963479334595], [11.958438698048848, 57.69634944219037], [11.95861809201446, 57.69632522831704], [11.958957251896361, 57.69704826418459], [11.958941564050665, 57.697061584590614], [11.95802039474457, 57.69718333927688], [11.957958539486187, 57.69716188946463], [11.957829079604918, 57.6968781908859], [11.958018413546883, 57.69685458539968], [11.958113095785079, 57.69706501374074], [11.95837476922598, 57.69702693320624], [11.958367125337858, 57.69700178993885], [11.958342533928578, 57.697005782415104], [11.958291831803669, 57.696891198509135], [11.958458863483443, 57.696868107624546], [11.958517171369609, 57.69700869663749], [11.95872244446568, 57.69698118613263], [11.958600465262327, 57.69671710915412], [11.958556707904526, 57.69672245636858], [11.958563498943223, 57.696746761216055], [11.958383738606305, 57.69677071456937], [11.958341481214463, 57.69668173361244], [11.958523105734512, 57.69665756450207], [11.958525022246636, 57.69666273370101], [11.958573460571843, 57.6966562137844], [11.95846859537135, 57.696434683526974], [11.958423251616459, 57.69644093627447], [11.958425931224978, 57.69645301756012], [11.958245253204655, 57.696474719625634], [11.958202214818359, 57.69638685230536]]]}}, {"type": "Feature", "properties": {"height": 2.8697122142366407}, "geometry": {"type": "Polygon", "coordinates": [[[11.958403474099656, 57.696019915904266], [11.958403105645417, 57.6960215068936], [11.958402658848682, 57.69602243089295], [11.958402013281846, 57.69602332314859], [11.958401220706449, 57.69602416692943], [11.958399445613933, 57.696025517370416], [11.958398229517464, 57.69602620715987], [11.958396884669433, 57.69602683093767], [11.958395412574593, 57.69602737076424], [11.958393863489754, 57.696027827848056], [11.95839222141503, 57.69602819281649], [11.95839051985497, 57.69602846647522], [11.958366488766957, 57.69603018948965], [11.958364682531426, 57.69603011010191], [11.958363068094704, 57.69602994544729], [11.958361478686493, 57.696029682527424], [11.958359963058843, 57.69602934049051], [11.958358505211878, 57.69602890996387], [11.958356345627267, 57.69602804012965], [11.95835517236917, 57.69602741871252], [11.958354139148344, 57.69602672875956], [11.95835322770774, 57.69602598780771], [11.958352487551773, 57.696025206035245], [11.9583518851759, 57.69602438263653], [11.958337568559966, 57.69598153447486], [11.9583376676756, 57.695980152718626], [11.958337934160367, 57.695979377178], [11.958338913421358, 57.69597790873256], [11.958339609445325, 57.69597721542487], [11.958340862607933, 57.69597628385349], [11.95834298443025, 57.6959752024012], [11.958345470487204, 57.69597438136976], [11.958371987947823, 57.69597143287906], [11.958374343042658, 57.69597137267095], [11.958376016009735, 57.69597143986585], [11.958377681453033, 57.69597159675901], [11.9583793051157, 57.69597185151452], [11.95838085499802, 57.69597218538708], [11.958382346347486, 57.695972616719146], [11.958383860668196, 57.69597317443447], [11.958385137448037, 57.69597376238915], [11.958386290943203, 57.69597441928248], [11.95838730515382, 57.69597513574175], [11.958388180832268, 57.69597590279717], [11.958388901226291, 57.69597672004587], [11.958403474099656, 57.696019915904266]]]}}, {"type": "Feature", "properties": {"height": 22.258339180984137}, "geometry": {"type": "Polygon", "coordinates": [[[11.952487122987842, 57.69655897811199], [11.952469412996198, 57.69655359005955], [11.952522719263946, 57.696501144517384], [11.952542711157072, 57.69650274969162], [11.952576349357056, 57.696470610367996], [11.952651784445127, 57.69649281249041], [11.952725257629094, 57.69649841151411], [11.952721499674333, 57.69651336678779], [11.952777472695063, 57.69653005771008], [11.952611036361157, 57.69669464361757], [11.95257317556963, 57.69669173610341], [11.952362397612573, 57.69668423980277], [11.952363838421181, 57.696679879416], [11.952487122987842, 57.69655897811199]]]}}, {"type": "Feature", "properties": {"height": 2.5}, "geometry": {"type": "Polygon", "coordinates": [[[11.952264938586397, 57.69814034664453], [11.95235842616568, 57.69816750480282], [11.952339308119239, 57.69818644912223], [11.952245678941555, 57.69815937741789], [11.952264938586397, 57.69814034664453]]]}}, {"type": "Feature", "properties": {"height": 14.918621022158893}, "geometry": {"type": "Polygon", "coordinates": [[[11.952512213066557, 57.69732462712721], [11.952814612123795, 57.69728563377327], [11.952831984688023, 57.69732420609997], [11.952939986312687, 57.697310270130004], [11.952964087221728, 57.697363663851206], [11.952726328329584, 57.697394328160776], [11.952766070524659, 57.69748252255672], [11.952845954374745, 57.69747218751334], [11.952889098196115, 57.69756804963266], [11.952809201161438, 57.69757833944873], [11.952875741193612, 57.69772619419393], [11.95304541203574, 57.69770534901974], [11.953026696669172, 57.69766157631842], [11.95320640696386, 57.69763951673251], [11.95322521082472, 57.69768323760839], [11.9533927265241, 57.69766266362653], [11.953318602562808, 57.69748956813773], [11.953037153625129, 57.69752415098965], [11.953011245699562, 57.69746389191111], [11.95309910931478, 57.69745308383164], [11.953085873309218, 57.69742221498865], [11.953370667687922, 57.69738716435699], [11.953458018951768, 57.69740382880099], [11.953602637079948, 57.697735299764915], [11.952785369213395, 57.697835755094125], [11.952734775509413, 57.697818951129776], [11.952512213066557, 57.69732462712721]]]}}, {"type": "Feature", "properties": {"height": 2.5}, "geometry": {"type": "Polygon", "coordinates": [[[11.952775542818452, 57.696849056109166], [11.952799867068993, 57.69681708780487], [11.952869565181368, 57.69684704298158], [11.952843109661105, 57.69689059034698], [11.952690055325366, 57.69689792220061], [11.952684609961182, 57.696852258105444], [11.952775542818452, 57.696849056109166]]]}}, {"type": "Feature", "properties": {"height": 14.280133315376931}, "geometry": {"type": "Polygon", "coordinates": [[[11.952786712275705, 57.697938825175726], [11.952822522317378, 57.697905425859155], [11.953582838708591, 57.6978093059446], [11.953647061472926, 57.697831731707645], [11.95372921090424, 57.69801802578976], [11.953528761189942, 57.69804335257129], [11.953481737358493, 57.69793670161164], [11.953024182851477, 57.69799453682506], [11.953247759470173, 57.698501691965575], [11.953294859885306, 57.69849575297682], [11.953306312512659, 57.698521680404816], [11.95341683658023, 57.69850773283472], [11.953425666834345, 57.69852770999026], [11.95351250401424, 57.69851676002338], [11.953515008787129, 57.69851611929256], [11.953532399336979, 57.698555491857675], [11.953085213749187, 57.69861210311397], [11.953083703854384, 57.6986122914411], [11.952786712275705, 57.697938825175726]]]}}, {"type": "Feature", "properties": {"height": 14.511788620751021}, "geometry": {"type": "Polygon", "coordinates": [[[11.953841039253204, 57.698708080235576], [11.953811910067321, 57.69863198793627], [11.953795086877694, 57.69863361405772], [11.953769707502493, 57.69857483293433], [11.953760342080217, 57.69857600950224], [11.953739222445092, 57.69856803189679], [11.953733872944994, 57.69855337856042], [11.95374703805371, 57.69854074400847], [11.953754999548238, 57.69853989314778], [11.953718273635214, 57.69845132237149], [11.953708983546342, 57.69845240188218], [11.953687571767384, 57.69844550477096], [11.95368067178345, 57.69843072421047], [11.953693241514005, 57.6984199807674], [11.953702166442449, 57.698418452054696], [11.95362191711901, 57.69820713638704], [11.953605928938483, 57.69820901627778], [11.95359118812608, 57.6981718736308], [11.953608411911256, 57.698169672971765], [11.95358279942939, 57.69810228473029], [11.95356179977962, 57.69810487080412], [11.95354422562298, 57.69806868453326], [11.953561871031166, 57.6980662603498], [11.953545802477306, 57.69804412253273], [11.953736489121987, 57.69802051097567], [11.953873680325561, 57.69833613669768], [11.95405379523169, 57.69875631888715], [11.954073697769177, 57.698762999830166], [11.954039498314463, 57.69879181848048], [11.954018667947205, 57.69878479162347], [11.953650126294349, 57.6988318480897], [11.95365448497298, 57.69884031184316], [11.953252599790474, 57.698893592680534], [11.953207872926207, 57.698878071715505], [11.953085213749187, 57.69861210311397], [11.953532399336979, 57.698555491857675], [11.953535150310113, 57.698555117706285], [11.953556611481924, 57.69860098771804], [11.95355218383323, 57.69860153719776], [11.953289479234998, 57.69863530488429], [11.953316480114104, 57.69871014167243], [11.953338487598671, 57.698707552945706], [11.953368340022472, 57.698769632619964], [11.953841039253204, 57.698708080235576]]]}}, {"type": "Feature", "properties": {"height": 6.414277551699296}, "geometry": {"type": "Polygon", "coordinates": [[[11.953355487665107, 57.69827208348774], [11.953326529856598, 57.69820675374041], [11.953482959692039, 57.69818688327872], [11.95351322862203, 57.69825519260818], [11.95348142988185, 57.69825923526502], [11.953480119784858, 57.69825624667973], [11.953355487665107, 57.69827208348774]]]}}, {"type": "Feature", "properties": {"height": 8.708013214207657}, "geometry": {"type": "Polygon", "coordinates": [[[11.953340542837385, 57.69827413228332], [11.953480068017884, 57.69825626340878], [11.953572141517387, 57.69846190495858], [11.953432595816212, 57.69847980940262], [11.953340542837385, 57.69827413228332]]]}}, {"type": "Feature", "properties": {"height": 10.71056445507734}, "geometry": {"type": "Polygon", "coordinates": [[[11.953670243620534, 57.69650999388821], [11.953765480917685, 57.696564642355355], [11.953651941770033, 57.69662134504563], [11.953528939137954, 57.696550721285256], [11.95361820759997, 57.69650617903659], [11.953620183226748, 57.696496250010185], [11.953637722533502, 57.69648748677593], [11.953655505357718, 57.6964872140167], [11.953672786956457, 57.696497103527335], [11.953670243620534, 57.69650999388821]]]}}, {"type": "Feature", "properties": {"height": 6.504194861287175}, "geometry": {"type": "Polygon", "coordinates": [[[11.95351322862203, 57.69825519260818], [11.953497479556878, 57.69821966146944], [11.953539917420162, 57.69821426621428], [11.953555649018053, 57.69824980591442], [11.95351322862203, 57.69825519260818]]]}}, {"type": "Feature", "properties": {"height": 3.559368478765629}, "geometry": {"type": "Polygon", "coordinates": [[[11.953469165139516, 57.698657545804636], [11.953558914411548, 57.69864550649753], [11.953582819385566, 57.698696657351746], [11.953493040255205, 57.698708651018684], [11.953469165139516, 57.698657545804636]]]}}, {"type": "Feature", "properties": {"height": 7.292069544919029}, "geometry": {"type": "Polygon", "coordinates": [[[11.95355218383323, 57.69860153719776], [11.953556611481924, 57.69860098771804], [11.953535150310113, 57.698555117706285], [11.953532399336979, 57.698555491857675], [11.953515008787129, 57.69851611929256], [11.953585354247053, 57.698507046015486], [11.95360178431253, 57.69854346537033], [11.953635237757313, 57.69853911200286], [11.953664325180036, 57.69860370777611], [11.953633044749825, 57.69860777194605], [11.953649716930533, 57.69864490717089], [11.95357601931437, 57.69865511312276], [11.95355218383323, 57.69860153719776]]]}}, {"type": "Feature", "properties": {"height": 3.806218685777488}, "geometry": {"type": "Polygon", "coordinates": [[[11.953649716930533, 57.69864490717089], [11.953662255028448, 57.69864313292669], [11.953681594988717, 57.698683082705244], [11.953585152460278, 57.69869646188084], [11.953565829353519, 57.69865651249208], [11.95357601931437, 57.69865511312276], [11.953649716930533, 57.69864490717089]]]}}, {"type": "Feature", "properties": {"height": 2.6789626230179566}, "geometry": {"type": "Polygon", "coordinates": [[[11.953709774223983, 57.69741056646151], [11.95375886978456, 57.69741762698695], [11.953736763268342, 57.6974615668813], [11.953687765155957, 57.69745454464683], [11.953709774223983, 57.69741056646151]]]}}, {"type": "Feature", "properties": {"height": 12.011970217070226}, "geometry": {"type": "Polygon", "coordinates": [[[11.954078550426756, 57.6979850313052], [11.95389907777054, 57.6980128411602], [11.953807494686087, 57.697805548891154], [11.953842182850806, 57.697775699480275], [11.953979854378389, 57.69776088628014], [11.954013804031502, 57.69785472896446], [11.954022192835534, 57.69785418498125], [11.954050603995192, 57.697862886398575], [11.954056914835387, 57.697877886438185], [11.95404044520798, 57.697890495368696], [11.954078550426756, 57.6979850313052]]]}}, {"type": "Feature", "properties": {"height": 13.081294715894245}, "geometry": {"type": "Polygon", "coordinates": [[[11.954136457212819, 57.69862381400942], [11.954166654437657, 57.69862025391991], [11.95389907777054, 57.6980128411602], [11.954078550426756, 57.6979850313052], [11.954113074526632, 57.69807783619873], [11.95427060782767, 57.69805740713283], [11.954252258891433, 57.69801225033258], [11.954156780426684, 57.69802257026965], [11.954140746156932, 57.697975240181314], [11.95421488153894, 57.697965799449406], [11.954309256482558, 57.697953826083044], [11.954321168557609, 57.69795990114435], [11.95448867967779, 57.698367492695304], [11.954532692346401, 57.6984624673042], [11.954584251969779, 57.698569523620904], [11.954557149323357, 57.69857281677576], [11.954604779680176, 57.69867888866945], [11.954622239219995, 57.69871905366459], [11.95420298498341, 57.69877629642215], [11.954136457212819, 57.69862381400942]]]}}, {"type": "Feature", "properties": {"height": 6.68492313524824}, "geometry": {"type": "Polygon", "coordinates": [[[11.954340510592292, 57.69780837194995], [11.954342354318388, 57.69781280245626], [11.954332434325028, 57.6978253803848], [11.954311510185514, 57.69782786953111], [11.954303644146346, 57.6978245882738], [11.954291056678391, 57.69781935978858], [11.954289049594056, 57.69781447595121], [11.954184036032299, 57.697827002031566], [11.95418587597273, 57.697831477388924], [11.954178913153944, 57.69784022575251], [11.9541757876363, 57.69784406024017], [11.95415462893349, 57.69784654371251], [11.954135019533974, 57.69783757791039], [11.954133167367415, 57.69783304833019], [11.95406973247909, 57.69784060756291], [11.954040217252306, 57.69776951228845], [11.95453378773562, 57.69771072507801], [11.954536087896969, 57.69771631702643], [11.954546588744446, 57.69774159226336], [11.954563238959176, 57.69778159398508], [11.954559066487167, 57.697782104702746], [11.954504502087973, 57.697788583465815], [11.954506250410365, 57.697792751022334], [11.954498459957557, 57.697802360292165], [11.954495589360802, 57.69780595825101], [11.954475173107488, 57.69780839673734], [11.95445497072969, 57.69779889540788], [11.954453291110026, 57.69779490926345], [11.954340510592292, 57.69780837194995]]]}}, {"type": "Feature", "properties": {"height": 3.4323074129345743}, "geometry": {"type": "Polygon", "coordinates": [[[11.954302652034157, 57.69793252743496], [11.954312088154097, 57.6979534898104], [11.95421488153894, 57.697965799449406], [11.954205607905891, 57.69794510162874], [11.954302652034157, 57.69793252743496]]]}}, {"type": "Feature", "properties": {"height": 11.678194967571732}, "geometry": {"type": "Polygon", "coordinates": [[[11.954240133005035, 57.6982335468434], [11.95430540050203, 57.698225762005706], [11.954320017570828, 57.698260789414526], [11.95425468149354, 57.698268590585094], [11.954240133005035, 57.6982335468434]]]}}, {"type": "Feature", "properties": {"height": 4.072669552771884}, "geometry": {"type": "Polygon", "coordinates": [[[11.953398177577297, 57.69806130203899], [11.953473896398727, 57.69805180100844], [11.953501185493442, 57.69811401665532], [11.953425533560797, 57.69812351931498], [11.953398177577297, 57.69806130203899]]]}}, {"type": "Feature", "properties": {"height": 7.180000000000001}, "geometry": {"type": "Polygon", "coordinates": [[[11.954556493102519, 57.697868506649286], [11.954567903267204, 57.697892149997564], [11.954592479455469, 57.69788875107843], [11.954596585446334, 57.69789722669069], [11.954626019309734, 57.6978931537849], [11.954637244131572, 57.69791640618256], [11.954453751517331, 57.69794332010129], [11.954453014462828, 57.697941702502455], [11.954321167804173, 57.697959910114136], [11.95431765474566, 57.69795276999557], [11.954309256482558, 57.697953826083044], [11.95429145711802, 57.69791691546774], [11.95443207102362, 57.697897453956195], [11.95442674900214, 57.697886468388724], [11.954556493102519, 57.697868506649286]]]}}, {"type": "Feature", "properties": {"height": 4.528141604709859}, "geometry": {"type": "Polygon", "coordinates": [[[11.953487624673539, 57.69714656114455], [11.953529187426556, 57.69715456382172], [11.953498649708763, 57.6972001521209], [11.953457070158182, 57.69719214902984], [11.953487624673539, 57.69714656114455]]]}}, {"type": "Feature", "properties": {"height": 13.251385078215346}, "geometry": {"type": "Polygon", "coordinates": [[[11.959598707647089, 57.698906998185116], [11.959572801842857, 57.6989252501042], [11.95957462619453, 57.698938928620315], [11.958956063532113, 57.69896951953123], [11.958623017515617, 57.69898493451638], [11.958572952805142, 57.69896317535497], [11.958525505821425, 57.69856499325328], [11.958517682364656, 57.698565200602076], [11.958501878723986, 57.69845741498172], [11.958545824062657, 57.69842883851115], [11.95901604968332, 57.69840821934249], [11.959033083242517, 57.69856060551865], [11.958987390953597, 57.69856217640862], [11.958943735608509, 57.69856367941194], [11.958934118417163, 57.69852482711915], [11.958704769925852, 57.69853485294607], [11.958706248115972, 57.6985596591857], [11.958696662286522, 57.69855886246374], [11.958746917717848, 57.69887595111867], [11.959434666238655, 57.69885248902784], [11.959427019290565, 57.69879313777313], [11.959410644906994, 57.69879341825295], [11.959405364007337, 57.69874949320451], [11.959420622653676, 57.698749105013924], [11.95941609161761, 57.69871525546683], [11.95939724985057, 57.698716132750064], [11.959378341355418, 57.698706995890326], [11.959374439265943, 57.69867525564398], [11.959602612202055, 57.69866544300886], [11.959626101312255, 57.69884337508859], [11.95959098102288, 57.69884599125358], [11.959598707647089, 57.698906998185116]]]}}, {"type": "Feature", "properties": {"height": 13.519624740549977}, "geometry": {"type": "Polygon", "coordinates": [[[11.957389685920447, 57.698490319365966], [11.957405695803853, 57.69847957742949], [11.958385796416014, 57.698432387530076], [11.958404177806344, 57.69857227708239], [11.958218239960045, 57.69858091017401], [11.958213263794807, 57.69852276450703], [11.957883230027386, 57.698540937315634], [11.957885924324652, 57.69855864540103], [11.957816131966908, 57.69856093949279], [11.957812666194975, 57.69854082206391], [11.95775448434852, 57.69854299091109], [11.957753115924657, 57.69854989667235], [11.95774132755137, 57.698559544793206], [11.957727064715227, 57.69856347100803], [11.957712734574429, 57.698564798093564], [11.957701305107797, 57.698563166015724], [11.95769273701583, 57.698559643392485], [11.957686236761734, 57.69855648508193], [11.957683159370676, 57.69854554466839], [11.957640908869678, 57.698547710166324], [11.957553046686986, 57.69855368595348], [11.957556412072327, 57.69860960885236], [11.957588359530915, 57.69860899314745], [11.957588841924466, 57.69861244712396], [11.957411414762984, 57.6986184795099], [11.95741116001413, 57.69861651401528], [11.957403099371376, 57.6986171470102], [11.957389685920447, 57.698490319365966]]]}}, {"type": "Feature", "properties": {"height": 9.368563998832057}, "geometry": {"type": "Polygon", "coordinates": [[[11.955976920398129, 57.698444778489154], [11.956302756903545, 57.698402017560724], [11.956345089820113, 57.69849446139347], [11.956019252526671, 57.698537222422885], [11.955976920398129, 57.698444778489154]]]}}, {"type": "Feature", "properties": {"height": 11.957084406690983}, "geometry": {"type": "Polygon", "coordinates": [[[11.955965216982392, 57.69844241163779], [11.956009090528593, 57.69854068988329], [11.955339448304388, 57.69862624428269], [11.95529567625209, 57.69852797721198], [11.955965216982392, 57.69844241163779]]]}}, {"type": "Feature", "properties": {"height": 18.66273753998992}, "geometry": {"type": "Polygon", "coordinates": [[[11.95649537490304, 57.69856538815719], [11.95652948260782, 57.69853683630305], [11.956796519792503, 57.69850160227663], [11.957228429684303, 57.698486898696316], [11.957278819924806, 57.69850976276983], [11.957339891877519, 57.699009881733836], [11.957294102499633, 57.699036606876426], [11.95676787014565, 57.69905715757375], [11.956712732962416, 57.69903664178521], [11.95649537490304, 57.69856538815719]]]}}, {"type": "Feature", "properties": {"height": 3.8383936445957563}, "geometry": {"type": "Polygon", "coordinates": [[[11.954849531294345, 57.698427321945836], [11.954875782869445, 57.698487930401306], [11.954819139827261, 57.698494961463304], [11.954792145922953, 57.6984343980386], [11.954849531294345, 57.698427321945836]]]}}, {"type": "Feature", "properties": {"height": 14.544305623573127}, "geometry": {"type": "Polygon", "coordinates": [[[11.958223911287838, 57.6986457775443], [11.958218239960045, 57.69858091017401], [11.958404177806344, 57.69857227708239], [11.95840539068706, 57.69857963140072], [11.958456261174101, 57.698966804797465], [11.958413934245092, 57.698993290025925], [11.957503471299907, 57.699030857588845], [11.957453201798911, 57.69900774486123], [11.95744608505849, 57.69894531435026], [11.957453155417236, 57.69894428003875], [11.957411414762984, 57.6986184795099], [11.957588841924466, 57.69861244712396], [11.957596251339524, 57.698673392671594], [11.957615846858564, 57.69867313597695], [11.957619751650627, 57.698713028408434], [11.957602973150465, 57.69871352363171], [11.957613983949857, 57.69883558377782], [11.95763706713952, 57.69883597720532], [11.95764211396673, 57.698874063567885], [11.957621166596903, 57.69887502476211], [11.957628391725367, 57.69892816435736], [11.957657920925275, 57.69892756236901], [11.957657771385309, 57.698920341472586], [11.957906476484956, 57.69891434225632], [11.957903830634098, 57.69890325943409], [11.957979586777885, 57.698900722231706], [11.957979666014865, 57.69890457995446], [11.958252100349954, 57.69889707453116], [11.95824816709492, 57.69884850810517], [11.9582298058221, 57.69884945968597], [11.958222825273227, 57.69879959762085], [11.958239033831818, 57.69879949306537], [11.958226627990951, 57.698681830499275], [11.958209058135752, 57.69868215397764], [11.958203492053, 57.69864624821003], [11.958223911287838, 57.6986457775443]]]}}, {"type": "Feature", "properties": {"height": 3.055811562470099}, "geometry": {"type": "Polygon", "coordinates": [[[11.957599979049592, 57.6985709481381], [11.957650018780935, 57.69856858352347], [11.957656428312067, 57.69860783514131], [11.957606472294048, 57.698610201772794], [11.957599979049592, 57.6985709481381]]]}}, {"type": "Feature", "properties": {"height": 15.947401481967892}, "geometry": {"type": "Polygon", "coordinates": [[[11.955644131977264, 57.699067568932506], [11.95559892487131, 57.698963784816655], [11.955573975360204, 57.69895622765938], [11.955567044237135, 57.69894000839739], [11.955581989271625, 57.69892656264975], [11.955533817721358, 57.69882170050539], [11.955462529586239, 57.69883020391478], [11.955406975595052, 57.69870630734714], [11.955436078932651, 57.69867858803834], [11.955596180084928, 57.69865778768243], [11.955613542150859, 57.69869432804416], [11.955794292194563, 57.69867352110156], [11.955807092372138, 57.69866222575116], [11.955861307932528, 57.698656115508356], [11.955883879093935, 57.69866120660861], [11.956063264463545, 57.69863985413131], [11.956047136093314, 57.69860061119687], [11.956206266002976, 57.698580973111106], [11.956257712321474, 57.698597050164956], [11.95628485637877, 57.698655855218256], [11.95629514600892, 57.698655266942886], [11.956316150303813, 57.69870382181781], [11.956299680133382, 57.69870664317225], [11.956315819364157, 57.698741760873204], [11.95632260848035, 57.69874127710877], [11.956415345364224, 57.69895041960276], [11.956408809585502, 57.69895148469568], [11.956423738625686, 57.698987822580406], [11.956430431407442, 57.698987687020654], [11.956457580726438, 57.69904743588461], [11.95646466074203, 57.699049286983644], [11.956428685315018, 57.69908108346552], [11.956421781114116, 57.6990791377278], [11.956241783647677, 57.69910515872083], [11.956240351692523, 57.699100819047146], [11.956168759142887, 57.69910994468956], [11.956168988969821, 57.699113806039946], [11.955920754704389, 57.699145968056705], [11.95591876839984, 57.699142432939155], [11.955857358562534, 57.69914984409601], [11.955858287285144, 57.69915517831135], [11.955674201990426, 57.69917709151243], [11.955668661705266, 57.69918169480672], [11.955610867148335, 57.69916184259613], [11.955612597239817, 57.69915523317074], [11.955573119706647, 57.6990767801085], [11.955644131977264, 57.699067568932506]]]}}, {"type": "Feature", "properties": {"height": 15.742491341891633}, "geometry": {"type": "Polygon", "coordinates": [[[11.957859954940812, 57.69871650480171], [11.957865052514984, 57.698756389957126], [11.957737753935758, 57.6987609949678], [11.957732673254794, 57.69872111021158], [11.957859954940812, 57.69871650480171]]]}}, {"type": "Feature", "properties": {"height": 2.924596278367914}, "geometry": {"type": "Polygon", "coordinates": [[[11.957774670087511, 57.69876318610739], [11.957786824599081, 57.698860017683394], [11.957713915884465, 57.69886263224314], [11.95770184834529, 57.69876576679755], [11.957774670087511, 57.69876318610739]]]}}, {"type": "Feature", "properties": {"height": 11.022364445326003}, "geometry": {"type": "Polygon", "coordinates": [[[11.954584363573543, 57.69878565009949], [11.954902308575384, 57.698746163066204], [11.95494865932585, 57.698853093809944], [11.95463063342841, 57.698892534084855], [11.954584363573543, 57.69878565009949]]]}}, {"type": "Feature", "properties": {"height": 11.223996462761265}, "geometry": {"type": "Polygon", "coordinates": [[[11.95446231591757, 57.69880208053043], [11.954680674282402, 57.69930669831906], [11.954477525951518, 57.699331898808204], [11.954259171038872, 57.698827271726586], [11.95446231591757, 57.69880208053043]]]}}, {"type": "Feature", "properties": {"height": 5.888001801538907}, "geometry": {"type": "Polygon", "coordinates": [[[11.954747243152262, 57.69899322011855], [11.954751009909009, 57.69899274456472], [11.954925034527221, 57.6989708871154], [11.95492812511002, 57.69897046718165], [11.954973693783082, 57.69907452091911], [11.954792878345023, 57.69909727552948], [11.954747243152262, 57.69899322011855]]]}}, {"type": "Feature", "properties": {"height": 17.28}, "geometry": {"type": "Polygon", "coordinates": [[[11.95826467852602, 57.69906711382941], [11.958422020594908, 57.69905879067714], [11.958458037002973, 57.699075313679856], [11.958457966872173, 57.69907675006018], [11.958464034811794, 57.6991621104078], [11.95846405462213, 57.699162874857066], [11.95844569841524, 57.69916296375319], [11.958480283336538, 57.69941608619235], [11.95848919155605, 57.69941755870352], [11.958531470861608, 57.69959037035208], [11.958504096712431, 57.69960650156247], [11.957582266033999, 57.69964371567907], [11.95754027242986, 57.699625799340545], [11.957474929034047, 57.69911752464325], [11.95751050805487, 57.69909624319614], [11.957664796268087, 57.69909130787563], [11.957667742411358, 57.69911041515045], [11.958269365421735, 57.69908508552912], [11.95826467852602, 57.69906711382941]]]}}, {"type": "Feature", "properties": {"height": 10.821000000000002}, "geometry": {"type": "Polygon", "coordinates": [[[11.955075867867624, 57.69914322159943], [11.955123118791928, 57.69925163896149], [11.954807597164173, 57.69929100519198], [11.9547604461551, 57.69918260808092], [11.955075867867624, 57.69914322159943]]]}}, {"type": "Feature", "properties": {"height": 16.219846154403847}, "geometry": {"type": "Polygon", "coordinates": [[[11.957018538762012, 57.699367420396015], [11.957072476001642, 57.699360035629375], [11.957086465806794, 57.69938897174372], [11.957032416519636, 57.69939629090586], [11.957018538762012, 57.699367420396015]]]}}, {"type": "Feature", "properties": {"height": 16.364}, "geometry": {"type": "Polygon", "coordinates": [[[11.956980653756837, 57.69956278721893], [11.95696148884216, 57.69951830331918], [11.957027174047907, 57.69951536260308], [11.957015518352504, 57.699417410457166], [11.957016879677424, 57.69941399184485], [11.957020041792996, 57.699412719728116], [11.957024815300153, 57.69941225035001], [11.95720675863308, 57.6994064619086], [11.957206112652774, 57.6993937554247], [11.957378531306361, 57.6993900385225], [11.957405622477408, 57.69962694664789], [11.957394572273099, 57.69962799308218], [11.957394989581848, 57.69963342283595], [11.957028569532127, 57.699638153205186], [11.957015756034897, 57.69964040650812], [11.9570031091022, 57.699640875220496], [11.956991415786453, 57.6996391828081], [11.956980351537249, 57.69963439570744], [11.956976699828115, 57.69962789946885], [11.956976450422387, 57.69961806967052], [11.95697882331684, 57.69961019940935], [11.95698718227946, 57.69960441454806], [11.956997448036969, 57.69960171347599], [11.956980653756837, 57.69956278721893]]]}}, {"type": "Feature", "properties": {"height": 18.807875673948004}, "geometry": {"type": "Polygon", "coordinates": [[[11.954546854563798, 57.6994856438193], [11.954567357790067, 57.69948318043849], [11.954545198724684, 57.69943720394671], [11.95502815251218, 57.699375561373316], [11.955077229263113, 57.69948682693393], [11.95488285275629, 57.699512715604094], [11.954843593677541, 57.69950223428102], [11.954794303066656, 57.69950845368647], [11.95477693310583, 57.69952138258364], [11.954787196744919, 57.69954469270597], [11.95481407239184, 57.69955310529905], [11.95483474738434, 57.69960296474618], [11.95460642110142, 57.6996319004887], [11.954546854563798, 57.6994856438193]]]}}, {"type": "Feature", "properties": {"height": 27.432498350235335}, "geometry": {"type": "Polygon", "coordinates": [[[11.955584855522542, 57.69950801569283], [11.955671102450722, 57.699695054029064], [11.955651763862775, 57.699697042296], [11.955667625433705, 57.69974006277075], [11.955358028169636, 57.699772409633596], [11.955330578034438, 57.69978542852696], [11.955289731203429, 57.69978865167218], [11.955264221622626, 57.69978455930846], [11.95518681994521, 57.69979187283149], [11.955139554532588, 57.699647036079426], [11.955329972177777, 57.699629113886616], [11.955351684944526, 57.699639235626925], [11.955357668616363, 57.699663539204], [11.955495708485135, 57.699652813646225], [11.955480858980863, 57.69964072698635], [11.95545257629743, 57.69964187078982], [11.955429716887195, 57.69963200908163], [11.955422164209262, 57.699612395392684], [11.955422763626183, 57.699603457845036], [11.955389357417246, 57.69960703987138], [11.955359655140201, 57.69959650113025], [11.955333309319691, 57.69953859590388], [11.955334990547023, 57.699538366733925], [11.955358261925772, 57.69953512499059], [11.955584855522542, 57.69950801569283]]]}}, {"type": "Feature", "properties": {"height": 3.0721496709336047}, "geometry": {"type": "Polygon", "coordinates": [[[11.954908110367123, 57.69954639024493], [11.955018168950916, 57.6995344163663], [11.955029698817482, 57.69956483943618], [11.954919639391147, 57.69957682229373], [11.954908110367123, 57.69954639024493]]]}}, {"type": "Feature", "properties": {"height": 27.53584529947907}, "geometry": {"type": "Polygon", "coordinates": [[[11.95518681994521, 57.69979187283149], [11.955113818711768, 57.69979876194776], [11.955088232067531, 57.69980778108042], [11.955057262316227, 57.69981113405948], [11.955024766194512, 57.69980587580334], [11.954717503072123, 57.6998336035795], [11.954702181478721, 57.69979615949882], [11.95467457028276, 57.69979810124646], [11.95460642110142, 57.6996319004887], [11.95483474738434, 57.69960296474618], [11.954849202458385, 57.699637934245374], [11.954856723567946, 57.69965332288625], [11.95484453635771, 57.69966610692559], [11.954865623341508, 57.69970666478937], [11.95493149322951, 57.69970113208958], [11.954926319235947, 57.699678384916105], [11.954942760977099, 57.69966551454424], [11.955139554532588, 57.699647036079426], [11.95518681994521, 57.69979187283149]]]}}, {"type": "Feature", "properties": {"height": 12.99115731059686}, "geometry": {"type": "Polygon", "coordinates": [[[11.954438927683293, 57.69858787426027], [11.954452668949148, 57.69861914158127], [11.954363147828044, 57.69863046797677], [11.954349326636029, 57.69859915378087], [11.954438927683293, 57.69858787426027]]]}}, {"type": "Feature", "properties": {"height": 3.4941107362813204}, "geometry": {"type": "Polygon", "coordinates": [[[11.958045949105713, 57.698557739385485], [11.958050179229998, 57.69858895729206], [11.95789130713702, 57.69859513099473], [11.957887074891412, 57.698563939993626], [11.958045949105713, 57.698557739385485]]]}}, {"type": "Feature", "properties": {"height": 3.7576345237062982}, "geometry": {"type": "Polygon", "coordinates": [[[11.955887948672654, 57.698832281872114], [11.956007164852132, 57.698816977326175], [11.956036615693229, 57.698882695735705], [11.955917400061338, 57.698897991337525], [11.955887948672654, 57.698832281872114]]]}}, {"type": "Feature", "properties": {"height": 11.0}, "geometry": {"type": "Polygon", "coordinates": [[[11.95522547177557, 57.69870449994386], [11.955452536790403, 57.69920751027956], [11.95525141743907, 57.699233551771385], [11.955024270554558, 57.69873054805499], [11.95522547177557, 57.69870449994386]]]}}, {"type": "Feature", "properties": {"height": 6.183767895186757}, "geometry": {"type": "Polygon", "coordinates": [[[11.954739696232698, 57.69896514887638], [11.954914245867997, 57.69894463429726], [11.954925034527221, 57.6989708871154], [11.954751009909009, 57.69899274456472], [11.954739696232698, 57.69896514887638]]]}}, {"type": "Feature", "properties": {"height": 18.839758705890137}, "geometry": {"type": "Polygon", "coordinates": [[[11.95533903272013, 57.69949882727025], [11.955353399567757, 57.699486473143835], [11.955334579097887, 57.699442509570375], [11.955321302101327, 57.699438486959885], [11.95529009548501, 57.69944226571029], [11.955284837411849, 57.69944910478809], [11.95527218492336, 57.699460835066475], [11.955077229263113, 57.69948682693393], [11.95502815251218, 57.699375561373316], [11.955177212040196, 57.69935654494472], [11.955476402699864, 57.69931833962533], [11.955491310604575, 57.69935491979532], [11.95549343933922, 57.69936015706636], [11.95551572698617, 57.69935803308487], [11.955584855522542, 57.69950801569283], [11.955358261925772, 57.69953512499059], [11.95533903272013, 57.69949882727025]]]}}, {"type": "Feature", "properties": {"height": 9.846119414456556}, "geometry": {"type": "Polygon", "coordinates": [[[11.957016173850489, 57.699286184593845], [11.957025068283265, 57.699310423283606], [11.957023193693745, 57.699317757270066], [11.957017811882592, 57.69932307447949], [11.957011302105656, 57.69932822973415], [11.95700481712625, 57.69933068920852], [11.956992369308626, 57.69933298725657], [11.956882866730817, 57.6993477534806], [11.956855852360663, 57.69935139079823], [11.956854097495347, 57.69934789721672], [11.95683419932473, 57.699308752453426], [11.957016173850489, 57.699286184593845]]]}}, {"type": "Feature", "properties": {"height": 2.902446815559192}, "geometry": {"type": "Polygon", "coordinates": [[[11.958818612359142, 57.69853815637712], [11.95881859971605, 57.69853770667734], [11.958853464803227, 57.69853672938314], [11.958872964387819, 57.69854922404089], [11.958874034458745, 57.698582900525395], [11.958820324921433, 57.69860300042736], [11.958800266654487, 57.69861017586533], [11.958770799121416, 57.69861124697091], [11.958768755552688, 57.69858017154941], [11.958821469072424, 57.69857875157522], [11.958818612359142, 57.69853815637712]]]}}, {"type": "Feature", "properties": {"height": 10.51690853828703}, "geometry": {"type": "Polygon", "coordinates": [[[11.959352245041805, 57.698675072648555], [11.95935226151936, 57.698676277425136], [11.95935152619882, 57.69868244343365], [11.959350802695077, 57.698694874302305], [11.959351283249667, 57.69871036304227], [11.959315291446122, 57.69872357290543], [11.959228245762887, 57.69872841903401], [11.95922338216875, 57.69868132228458], [11.959352245041805, 57.698675072648555]]]}}, {"type": "Feature", "properties": {"height": 15.102665682146476}, "geometry": {"type": "Polygon", "coordinates": [[[11.958091182788419, 57.69859705283615], [11.958102125570985, 57.698665516324425], [11.958028582174906, 57.698668897745335], [11.958017605271149, 57.69860044241606], [11.958091182788419, 57.69859705283615]]]}}, {"type": "Feature", "properties": {"height": 16.834983975926903}, "geometry": {"type": "Polygon", "coordinates": [[[11.95676417151689, 57.69915122606727], [11.956761806352137, 57.69914500344805], [11.956762734524645, 57.69914014533713], [11.956766498395035, 57.699135103789175], [11.95677286322002, 57.69912967542188], [11.95678174976654, 57.699125404251376], [11.95679779334097, 57.69912226697923], [11.957293998609464, 57.69910165894955], [11.95730297367337, 57.69910153330421], [11.957320377769422, 57.69910358776045], [11.957330423113499, 57.69910771218141], [11.957340087104726, 57.6991127801478], [11.957345820936196, 57.699124072083016], [11.957367634842466, 57.69930623369461], [11.957180980936513, 57.69931634907606], [11.957167821469124, 57.699222908660516], [11.957138055475964, 57.69920972635807], [11.956985117559206, 57.699215367622834], [11.957016173850489, 57.699286184593845], [11.95683419932473, 57.699308752453426], [11.95676417151689, 57.69915122606727]]]}}, {"type": "Feature", "properties": {"height": 12.848112372260768}, "geometry": {"type": "Polygon", "coordinates": [[[11.959515718434359, 57.69838640973331], [11.95957039607415, 57.69840960961992], [11.95958522752122, 57.6985248226731], [11.959591609623498, 57.69852478733447], [11.95959256834176, 57.69854158182554], [11.959602593806496, 57.69854113972693], [11.959615127221664, 57.69864251906403], [11.959603593986824, 57.698643724846086], [11.959602612202055, 57.69866544300886], [11.95937429176845, 57.69867401176618], [11.959053713017356, 57.698689529808014], [11.95904272959677, 57.69862032844231], [11.959033083242517, 57.69856060551865], [11.95901604968332, 57.69840821934249], [11.959515718434359, 57.69838640973331]]]}}, {"type": "Feature", "properties": {"height": 11.527245997991617}, "geometry": {"type": "Polygon", "coordinates": [[[11.958909546760296, 57.69958836956838], [11.958901602546428, 57.69951535848727], [11.958984802349729, 57.69951215476286], [11.958958027756957, 57.69931258154193], [11.95919716594594, 57.699303383732754], [11.95922397460694, 57.69950296669121], [11.959174325368625, 57.699504864973875], [11.959183971100192, 57.69957761134535], [11.958909546760296, 57.69958836956838]]]}}, {"type": "Feature", "properties": {"height": 13.459999999999999}, "geometry": {"type": "Polygon", "coordinates": [[[11.955912626502496, 57.69971007036318], [11.955896508351024, 57.69961551597177], [11.955886708060316, 57.69961687098085], [11.955770571954487, 57.69935972667373], [11.955782847230433, 57.69935768524205], [11.955746488697315, 57.699279666826236], [11.95601210048532, 57.69924448994371], [11.956010506853703, 57.69923987673863], [11.956060015836213, 57.69923324867753], [11.956061778143711, 57.69923745249649], [11.956201920231777, 57.69922026053747], [11.956201569178827, 57.699214643624785], [11.956252525687766, 57.699208769356076], [11.956255988232181, 57.699214317334395], [11.956519917498936, 57.69917897308067], [11.956692813331104, 57.699574368334716], [11.956709552751871, 57.699675345931425], [11.956475525537302, 57.69968561477545], [11.95647577591723, 57.6996894316794], [11.956147338997656, 57.6997050410314], [11.956145747023658, 57.69970060762717], [11.955912626502496, 57.69971007036318]]]}}, {"type": "Feature", "properties": {"height": 12.255525090701866}, "geometry": {"type": "Polygon", "coordinates": [[[11.958151066121118, 57.69874629028406], [11.958163954033946, 57.69883839382592], [11.958101948546004, 57.69884091129539], [11.958089043284145, 57.698748816315664], [11.958151066121118, 57.69874629028406]]]}}, {"type": "Feature", "properties": {"height": 7.81735324953253}, "geometry": {"type": "Polygon", "coordinates": [[[11.958089548784042, 57.69882783227549], [11.958094438891523, 57.698861789389724], [11.957947974342476, 57.69886792901409], [11.957943000603914, 57.6988339698809], [11.958089548784042, 57.69882783227549]]]}}, {"type": "Feature", "properties": {"height": 3.3401478462403285}, "geometry": {"type": "Polygon", "coordinates": [[[11.9588335530263, 57.6987887391771], [11.958932349964432, 57.69878489487776], [11.958937766349646, 57.698825596549746], [11.958838974567348, 57.698829378063415], [11.9588335530263, 57.6987887391771]]]}}, {"type": "Feature", "properties": {"height": 3.5644176838810537}, "geometry": {"type": "Polygon", "coordinates": [[[11.95923839905163, 57.698774294759076], [11.959245063410098, 57.698814532078735], [11.959148722278758, 57.698819118743536], [11.959142041273138, 57.6987788810171], [11.95923839905163, 57.698774294759076]]]}}, {"type": "Feature", "properties": {"height": 2.5}, "geometry": {"type": "Polygon", "coordinates": [[[11.959231015109864, 57.698774665513], [11.95923088108147, 57.69877466229099], [11.959226623174093, 57.698745564919456], [11.959297033587442, 57.6987427096763], [11.95930117008693, 57.69875744143929], [11.95926075153414, 57.69878239993056], [11.959239716249833, 57.69878220882515], [11.959238348038735, 57.69877430252065], [11.959231015109864, 57.698774665513]]]}}, {"type": "Feature", "properties": {"height": 14.918893080430394}, "geometry": {"type": "Polygon", "coordinates": [[[11.953925428873907, 57.69898643754998], [11.953696186633211, 57.69901532258299], [11.953645659901786, 57.69890019262824], [11.954050183059865, 57.69884927498414], [11.954102650058124, 57.698867184076214], [11.954162970387543, 57.699004435273174], [11.954152783315015, 57.699006598734634], [11.954232996286985, 57.699195820763876], [11.95424279403727, 57.69919509497771], [11.954305944213973, 57.699331245794944], [11.954274428933852, 57.69936028193817], [11.954002309804316, 57.699394552503726], [11.953782129103182, 57.69942225382104], [11.95378494855803, 57.69942865821422], [11.95345812769042, 57.69946979825061], [11.953380231509598, 57.69929260341734], [11.953613002714645, 57.69926330059721], [11.953638004426248, 57.69932018518241], [11.95405357911514, 57.69926786187086], [11.954019564237965, 57.6991903667118], [11.953998729260148, 57.69919298379584], [11.953942528158493, 57.69906505333618], [11.9539590053953, 57.69906295148881], [11.953925428873907, 57.69898643754998]]]}}, {"type": "Feature", "properties": {"height": 12.982756045934316}, "geometry": {"type": "Polygon", "coordinates": [[[11.953283387453022, 57.69895053582574], [11.953646008876337, 57.69890562974524], [11.953686305852587, 57.699011642238894], [11.95347967634256, 57.69903792570311], [11.95350612030134, 57.6990960224775], [11.953485366269753, 57.69909887511258], [11.953507299719652, 57.69915770811465], [11.95353624579277, 57.69915445957604], [11.95355715465475, 57.699160553655894], [11.953566051282463, 57.69917954372255], [11.953553667560431, 57.699190866864136], [11.953519801036402, 57.69919553383519], [11.953565523035921, 57.699280735138984], [11.953396242871635, 57.699301042255726], [11.953247778664501, 57.6989805336977], [11.953283387453022, 57.69895053582574]]]}}, {"type": "Feature", "properties": {"height": 28.261521477957746}, "geometry": {"type": "Polygon", "coordinates": [[[11.954364107943134, 57.699479598960835], [11.954459560085116, 57.69970326996636], [11.954434810454677, 57.69970572096814], [11.954491477997372, 57.69984212003291], [11.953768006650366, 57.69991163921889], [11.953552420331757, 57.69957313860145], [11.953805801911196, 57.69953911879187], [11.95379860557194, 57.69952706343802], [11.954304416438072, 57.699461147532055], [11.954364107943134, 57.699479598960835]]]}}, {"type": "Feature", "properties": {"height": 5.799536356747078}, "geometry": {"type": "Polygon", "coordinates": [[[11.953560718053465, 57.6990973644215], [11.953628399477894, 57.69908844265293], [11.953708243146648, 57.69926244857227], [11.953640565182447, 57.69927132553154], [11.953560718053465, 57.6990973644215]]]}}, {"type": "Feature", "properties": {"height": 2.658365406717657}, "geometry": {"type": "Polygon", "coordinates": [[[11.952877425564628, 57.69990465007217], [11.952783361100765, 57.69989428591708], [11.952789753894711, 57.6998779470594], [11.952883810779833, 57.699888400907135], [11.952877425564628, 57.69990465007217]]]}}, {"type": "Feature", "properties": {"height": 3.5242544414785177}, "geometry": {"type": "Polygon", "coordinates": [[[11.953645361702394, 57.6990679811893], [11.953843026301916, 57.69904030413766], [11.95385827033817, 57.69907146391003], [11.953660588071587, 57.69909914955015], [11.953645361702394, 57.6990679811893]]]}}, {"type": "Feature", "properties": {"height": 3.4395229184736316}, "geometry": {"type": "Polygon", "coordinates": [[[11.952778662638384, 57.69985431123096], [11.952643722985977, 57.69983991534628], [11.952670209248627, 57.699768667922], [11.95280521641784, 57.699783056420756], [11.952778662638384, 57.69985431123096]]]}}, {"type": "Feature", "properties": {"height": 22.146}, "geometry": {"type": "Polygon", "coordinates": [[[11.952595372561719, 57.6992273460574], [11.952598533967903, 57.699221490183895], [11.952609999443473, 57.69923867272296], [11.952631990206715, 57.699235688241906], [11.95264298890028, 57.69923585435423], [11.95265325278658, 57.6992387710475], [11.952660030741228, 57.69924201720296], [11.952663885858238, 57.69924688267412], [11.952692987645982, 57.69928952149784], [11.952692602837608, 57.69929549819347], [11.952689226145361, 57.69929892213951], [11.952683815719963, 57.69930177578941], [11.952678739943723, 57.69930324437102], [11.952630915715657, 57.69931099025955], [11.952629529342472, 57.69930870987475], [11.952626156971705, 57.6992992991486], [11.95260690231943, 57.699263737368106], [11.95259307337829, 57.699230733045], [11.952595372561719, 57.6992273460574]]]}}, {"type": "Feature", "properties": {"height": 3.4280927394983123}, "geometry": {"type": "Polygon", "coordinates": [[[11.953185272237606, 57.699896174976864], [11.95321124455445, 57.69982443871433], [11.953345571692742, 57.69983833388923], [11.95331968339975, 57.699910072199366], [11.953185272237606, 57.699896174976864]]]}}, {"type": "Feature", "properties": {"height": 20.733}, "geometry": {"type": "Polygon", "coordinates": [[[11.952916631393855, 57.69912473161289], [11.952905262562558, 57.69909960609511], [11.952885694636567, 57.699102127688086], [11.952880439258035, 57.699090352719786], [11.952867187824586, 57.699089026842444], [11.952865025074532, 57.69909518540579], [11.952844850881295, 57.69909313550335], [11.95284335599474, 57.699097539531856], [11.952798812842946, 57.69909301509629], [11.95280257252451, 57.699082436988284], [11.952756966213396, 57.69907777907015], [11.952753203503661, 57.69908839305582], [11.952703301905036, 57.69908330807448], [11.952710455941181, 57.69906590001982], [11.952745619138607, 57.69898248523325], [11.953008974372247, 57.69900933097545], [11.953052127401431, 57.6990311955326], [11.953194709342212, 57.699346969816894], [11.953011985258554, 57.69933587231292], [11.952995204625783, 57.699298833256876], [11.952975720366084, 57.699301356880625], [11.952958527802384, 57.69926342707792], [11.952978096564912, 57.69926089650474], [11.952967341017795, 57.699237062054664], [11.952947772267489, 57.699239592626306], [11.952924982571904, 57.69918916058517], [11.952944571819065, 57.699186585571475], [11.952933735561594, 57.699162713221696], [11.95291423386394, 57.69916524540289], [11.952897046701365, 57.69912725280389], [11.952916631393855, 57.69912473161289]]]}}, {"type": "Feature", "properties": {"height": 24.000000000000004}, "geometry": {"type": "Polygon", "coordinates": [[[11.952235643847164, 57.698924036247455], [11.95224402082916, 57.69892723107623], [11.952747693115015, 57.69897758284424], [11.952710455941181, 57.69906590001982], [11.952664754170177, 57.69906177904444], [11.952643967277268, 57.699070814451495], [11.952520487016933, 57.69905852800887], [11.95250925475238, 57.699054949829105], [11.95250198353771, 57.69905098173355], [11.95249652230335, 57.69904145776011], [11.952474099080813, 57.69903900308202], [11.952466942508472, 57.69905624029296], [11.95251323391329, 57.69913623374394], [11.952525514730775, 57.69913432757956], [11.95253275580891, 57.6991350592897], [11.952542434621627, 57.699137746185976], [11.952549902545362, 57.69914197068038], [11.952552036706173, 57.699148736087565], [11.952551496906331, 57.699156956033484], [11.95257450895991, 57.69919634733159], [11.952587689976358, 57.699201707126726], [11.95259416761231, 57.699207327854], [11.952598035450583, 57.699212840765405], [11.95259825945223, 57.69921656716831], [11.952598430177353, 57.69922032823939], [11.952596918501548, 57.69922473186096], [11.952595372561719, 57.6992273460574], [11.952593239993163, 57.69923054831243], [11.95260690231943, 57.699263737368106], [11.952626409784832, 57.699299287263486], [11.95262951803403, 57.69930884442135], [11.952640063808598, 57.699340565258126], [11.952651989265215, 57.69934069078109], [11.952664801508416, 57.69934484628712], [11.952676000719077, 57.699352414299234], [11.95267826518118, 57.699361025369925], [11.952676974671443, 57.69936938901293], [11.952676821377066, 57.69937001447543], [11.952667520063018, 57.699375219106095], [11.952681325458443, 57.69939652055725], [11.952720296587659, 57.69940063216625], [11.952731012726732, 57.69938997897486], [11.952743435258453, 57.69938538880919], [11.95276219088601, 57.69938474412167], [11.95277635148999, 57.69938763783624], [11.952786836008148, 57.69939292366042], [11.952792431555862, 57.699400851002025], [11.952791384579047, 57.699408114996416], [11.95284734730749, 57.69941379534688], [11.952869235282801, 57.69940983765], [11.953028283220915, 57.699389841998496], [11.953021350806683, 57.69937265185426], [11.953005165123457, 57.69937307986134], [11.95299406717892, 57.69937089809262], [11.952984021853704, 57.69936717777867], [11.95297853401068, 57.69936056527927], [11.952977457823245, 57.699352396284624], [11.952982704496886, 57.69934509863731], [11.95299281847268, 57.69933921250145], [11.953007342048982, 57.6993355896922], [11.953201439986115, 57.69934738360301], [11.953209994782023, 57.69936664408851], [11.953256558160561, 57.699470794367606], [11.953266338908218, 57.699474067877354], [11.953238800041213, 57.69949952348944], [11.953225304368472, 57.69949510890729], [11.952907855507291, 57.69953937638642], [11.952899609442737, 57.69954700623377], [11.952881184918734, 57.69955289888597], [11.952860914578123, 57.699553587994295], [11.952843898125149, 57.6995497177109], [11.95283030284282, 57.69954009667132], [11.952555622708717, 57.69950913093095], [11.952542410001515, 57.699515931050236], [11.952501339458964, 57.699497648756854], [11.952511931792595, 57.699490866401156], [11.952442468743593, 57.699370579003876], [11.952200708156118, 57.69895220752755], [11.952194714621845, 57.69894801853752], [11.952235643847164, 57.698924036247455]]]}}, {"type": "Feature", "properties": {"height": 4.674563381479189}, "geometry": {"type": "Polygon", "coordinates": [[[11.955113532550554, 57.69570654146616], [11.95512468164021, 57.69565952435418], [11.95527878490182, 57.69566941778567], [11.955267652760094, 57.69571643531633], [11.955113532550554, 57.69570654146616]]]}}, {"type": "Feature", "properties": {"height": 2.5}, "geometry": {"type": "Polygon", "coordinates": [[[11.95382142414222, 57.69567909606311], [11.953927106805136, 57.695710088096], [11.953892652577826, 57.69574377200265], [11.953786985846676, 57.69571278931369], [11.95382142414222, 57.69567909606311]]]}}, {"type": "Feature", "properties": {"height": 2.5}, "geometry": {"type": "Polygon", "coordinates": [[[11.955529734307724, 57.695938930697736], [11.955598542145673, 57.695992492203864], [11.955575965951118, 57.696056859630666], [11.95535746766418, 57.696137354054684], [11.955237658932493, 57.69612343282793], [11.955132716891686, 57.69604181275932], [11.955346493343878, 57.696002360797905], [11.955529734307724, 57.695938930697736]]]}}, {"type": "Feature", "properties": {"height": 12.985245552651882}, "geometry": {"type": "Polygon", "coordinates": [[[11.954453751517331, 57.69794332010129], [11.954684137872256, 57.69790951798117], [11.954684275089713, 57.697909683067614], [11.954862859593964, 57.69788443925551], [11.954976987132586, 57.69814038579249], [11.954981723012535, 57.69814056271864], [11.955189330882725, 57.69861111721554], [11.95515147015367, 57.698642166903994], [11.954976446740401, 57.69866414440334], [11.954963597366179, 57.69863524446707], [11.954604779680176, 57.69867888866945], [11.954557149323357, 57.69857281677576], [11.954584251969779, 57.698569523620904], [11.95448867967779, 57.698367492695304], [11.954321168557609, 57.69795990114435], [11.954453751517331, 57.69794332010129]]]}}, {"type": "Feature", "properties": {"height": 12.341148327376327}, "geometry": {"type": "Polygon", "coordinates": [[[11.954581262884211, 57.69768771757887], [11.954715881817188, 57.697671266188244], [11.954776351199197, 57.69769061701121], [11.954862859593964, 57.69788443925551], [11.954684275089713, 57.697909683067614], [11.954644433141933, 57.69782041738776], [11.954638223181131, 57.697821202617845], [11.954610584054636, 57.697812501946395], [11.954601652996317, 57.69779611762465], [11.954615747836367, 57.69778239985896], [11.954621348476264, 57.69778147412853], [11.954581262884211, 57.69768771757887]]]}}, {"type": "Feature", "properties": {"height": 13.48393246073303}, "geometry": {"type": "Polygon", "coordinates": [[[11.954713638304668, 57.69818168173832], [11.954732226022989, 57.69822240417207], [11.954601646874606, 57.69823950113737], [11.95458306230897, 57.698198742806674], [11.954713638304668, 57.69818168173832]]]}}, {"type": "Feature", "properties": {"height": 3.51749684224048}, "geometry": {"type": "Polygon", "coordinates": [[[11.954602980390407, 57.69803854511768], [11.95466484930269, 57.69803284436469], [11.95467604488001, 57.698067438822896], [11.95461417138988, 57.69807319339953], [11.954602980390407, 57.69803854511768]]]}}, {"type": "Feature", "properties": {"height": 15.198572850230818}, "geometry": {"type": "Polygon", "coordinates": [[[11.955281771511324, 57.69793049348836], [11.955063067017608, 57.69795792684377], [11.954929043386583, 57.697667841593834], [11.954959360093826, 57.69764185931627], [11.955889231386687, 57.697527301701186], [11.955933004761045, 57.69754157642205], [11.956279867401351, 57.69833272711036], [11.956297536088279, 57.69837722007611], [11.956083019629157, 57.69840413583351], [11.956022218735608, 57.6982687345698], [11.955994448755511, 57.69820679557331], [11.955909020422194, 57.698016424602706], [11.955881484410442, 57.697955102383865], [11.955748723573189, 57.69765929621505], [11.955504247165686, 57.697689201874915], [11.955409369568486, 57.69770077753808], [11.955192999583941, 57.69772721570272], [11.955241021257144, 57.69783723348916], [11.955265405354533, 57.69789309622383], [11.955281771511324, 57.69793049348836]]]}}, {"type": "Feature", "properties": {"height": 12.926118047862495}, "geometry": {"type": "Polygon", "coordinates": [[[11.955420227792269, 57.698333968847145], [11.955489066412511, 57.69848737796923], [11.955308378996474, 57.69851084639935], [11.955160725580521, 57.698175520701824], [11.955142827777456, 57.69817835247663], [11.955059448452445, 57.69797123174911], [11.95524361586278, 57.69794887210363], [11.95533029212314, 57.69815372620694], [11.95531613676451, 57.69815457187881], [11.955378967392623, 57.69829175705193], [11.955483421058787, 57.69827551346302], [11.955449479770932, 57.6982165086509], [11.955430983690473, 57.69821387039328], [11.955422130530915, 57.69821054747234], [11.955416596542813, 57.69820128253213], [11.955419484299624, 57.69819408080709], [11.955429712833165, 57.698185222238905], [11.95540777166475, 57.698135646981264], [11.95548857564878, 57.6981239572536], [11.955518427881058, 57.69817987964246], [11.955585412113594, 57.69830519275592], [11.9554962927638, 57.698320744946564], [11.955420227792269, 57.698333968847145]]]}}, {"type": "Feature", "properties": {"height": 5.887146728676292}, "geometry": {"type": "Polygon", "coordinates": [[[11.95534515650438, 57.69734276160114], [11.955262190378084, 57.697317647520805], [11.955279272870351, 57.69730152992437], [11.955256420714825, 57.69729459840006], [11.955338775058612, 57.69721664215493], [11.955368457184381, 57.6972255985714], [11.955396665567331, 57.697198927304804], [11.955472788525014, 57.69722197114199], [11.95534515650438, 57.69734276160114]]]}}, {"type": "Feature", "properties": {"height": 3.871316826702453}, "geometry": {"type": "Polygon", "coordinates": [[[11.955241021257144, 57.69783723348916], [11.955286006789363, 57.69783147655219], [11.955310915570557, 57.69788728899156], [11.955265405354533, 57.69789309622383], [11.955241021257144, 57.69783723348916]]]}}, {"type": "Feature", "properties": {"height": 7.436}, "geometry": {"type": "Polygon", "coordinates": [[[11.955759278469756, 57.6979298711657], [11.955795925585733, 57.69801323538338], [11.955402368405283, 57.69806284951829], [11.95536573513875, 57.697979530447626], [11.955759278469756, 57.6979298711657]]]}}, {"type": "Feature", "properties": {"height": 4.466650326897855}, "geometry": {"type": "Polygon", "coordinates": [[[11.955504247165686, 57.697689201874915], [11.955515263588712, 57.69771954064758], [11.955419866610336, 57.69772950396694], [11.955409369568486, 57.69770077753808], [11.955504247165686, 57.697689201874915]]]}}, {"type": "Feature", "properties": {"height": 4.85251055588641}, "geometry": {"type": "Polygon", "coordinates": [[[11.955381075401013, 57.69809632034253], [11.955523174301538, 57.698075967604154], [11.955577698265795, 57.698090366381834], [11.955611222512823, 57.69814954087998], [11.955592354628976, 57.69816872537401], [11.955518427881058, 57.69817987964246], [11.95548857564878, 57.6981239572536], [11.95540777166475, 57.698135646981264], [11.95540814943665, 57.69813654587934], [11.955404782594341, 57.69813705804129], [11.955381075401013, 57.69809632034253]]]}}, {"type": "Feature", "properties": {"height": 4.074739270024699}, "geometry": {"type": "Polygon", "coordinates": [[[11.955585412113594, 57.69830519275592], [11.955655789243561, 57.6984516821527], [11.95556396104011, 57.69846410431457], [11.955496296529597, 57.69832070009756], [11.955585412113594, 57.69830519275592]]]}}, {"type": "Feature", "properties": {"height": 7.5200000000000005}, "geometry": {"type": "Polygon", "coordinates": [[[11.955543468494948, 57.69821553527549], [11.955857894970611, 57.698177093713575], [11.955878460078061, 57.69822027231414], [11.955907996492698, 57.69828216397118], [11.955716090903646, 57.69830689992013], [11.955721366260306, 57.69832124578797], [11.955681722050368, 57.69832616074717], [11.955675009308658, 57.698312139799235], [11.955642052874445, 57.69831657756581], [11.955635005637912, 57.698303141767965], [11.955592177561206, 57.69830798905576], [11.955543468494948, 57.69821553527549]]]}}, {"type": "Feature", "properties": {"height": 6.379460643205576}, "geometry": {"type": "Polygon", "coordinates": [[[11.955881484410442, 57.697955102383865], [11.955909020422194, 57.698016424602706], [11.955795266858031, 57.69803267839243], [11.955767777742663, 57.697969200172416], [11.955881484410442, 57.697955102383865]]]}}, {"type": "Feature", "properties": {"height": 6.540000000000001}, "geometry": {"type": "Polygon", "coordinates": [[[11.955878460078061, 57.69822027231414], [11.955994448755511, 57.69820679557331], [11.956022218735608, 57.6982687345698], [11.955907996492698, 57.69828216397118], [11.955878460078061, 57.69822027231414]]]}}, {"type": "Feature", "properties": {"height": 7.910670087311566}, "geometry": {"type": "Polygon", "coordinates": [[[11.955957129507977, 57.69837897795471], [11.956038402367433, 57.698371505504035], [11.95605723011148, 57.698420385544416], [11.956041386996683, 57.69843393556187], [11.955981195177952, 57.698440450317335], [11.955957129507977, 57.69837897795471]]]}}, {"type": "Feature", "properties": {"height": 8.775954578075208}, "geometry": {"type": "Polygon", "coordinates": [[[11.95622797979305, 57.697899761465806], [11.956319605125113, 57.697888736079335], [11.956332750686228, 57.697919916940826], [11.956241108525628, 57.6979309419329], [11.95622797979305, 57.697899761465806]]]}}, {"type": "Feature", "properties": {"height": 9.58}, "geometry": {"type": "Polygon", "coordinates": [[[11.957075192589349, 57.69832511479752], [11.956889828996584, 57.69834851790634], [11.956871356415865, 57.698306594214756], [11.956719112330793, 57.69832581457356], [11.956666619102721, 57.698300212279676], [11.956580732801294, 57.698311052452674], [11.956612822166097, 57.69838394365627], [11.956428357969388, 57.6984072239302], [11.95625792252062, 57.69802021016481], [11.956442385594375, 57.69799692115048], [11.956475550402542, 57.698072193113504], [11.95668368242306, 57.6980459140472], [11.956631302466281, 57.69792696587309], [11.956816019150112, 57.69790364647395], [11.956840821171774, 57.697959959331776], [11.956863031072977, 57.69795715017327], [11.956915343876206, 57.69807590787733], [11.956938265758117, 57.69807301696672], [11.956970764708977, 57.69814683469618], [11.956995332019652, 57.69814374068654], [11.957075192589349, 57.69832511479752]]]}}, {"type": "Feature", "properties": {"height": 4.186753263440641}, "geometry": {"type": "Polygon", "coordinates": [[[11.956419445465258, 57.697999829507836], [11.95627864090505, 57.698017571938664], [11.956265616581264, 57.697988146634685], [11.956406424797244, 57.69797035936823], [11.956419445465258, 57.697999829507836]]]}}, {"type": "Feature", "properties": {"height": 13.11811489806226}, "geometry": {"type": "Polygon", "coordinates": [[[11.957094541255087, 57.69717020073402], [11.957084486982053, 57.69717119019907], [11.957096276632177, 57.69719752981894], [11.957150474509932, 57.69718980080534], [11.957195910446172, 57.69729228661119], [11.956659938276703, 57.69735718229944], [11.956619633752346, 57.69735837862338], [11.95659839880907, 57.697353175987864], [11.956580160503883, 57.697341070822105], [11.956388923187244, 57.69708552633165], [11.956396650889058, 57.69708265638868], [11.956351588192849, 57.69702395044014], [11.956514245907817, 57.6968789974131], [11.956567280349427, 57.69687252593295], [11.956685307590675, 57.69691290838305], [11.956606687890744, 57.696982812256564], [11.95661824540138, 57.696987512405116], [11.95658089494535, 57.697022718196855], [11.95656716278582, 57.697018927427365], [11.956551058848378, 57.697032794788775], [11.956560965651136, 57.697047962108556], [11.956571600597906, 57.69704665410415], [11.956599446201938, 57.69708489364066], [11.956612918947359, 57.69708257536298], [11.956638557950297, 57.69711930575213], [11.956626208569674, 57.697121839808645], [11.956721865584393, 57.69724296176075], [11.956978061206703, 57.69721178083695], [11.956971392174701, 57.69718663396193], [11.956933148688963, 57.697191277403626], [11.956887273965103, 57.69709243003012], [11.957049679960097, 57.697072474332415], [11.957094541255087, 57.69717020073402]]]}}, {"type": "Feature", "properties": {"height": 5.6321332837213625}, "geometry": {"type": "Polygon", "coordinates": [[[11.956663028019019, 57.69701115860539], [11.956745692711976, 57.69693586039929], [11.956886684771554, 57.696980237568276], [11.956804022522403, 57.69705550895848], [11.956663028019019, 57.69701115860539]]]}}, {"type": "Feature", "properties": {"height": 4.122109729966219}, "geometry": {"type": "Polygon", "coordinates": [[[11.956612722962037, 57.698383725559154], [11.956580732801294, 57.698311052452674], [11.956666619102721, 57.698300212279676], [11.956719112330793, 57.69832581457356], [11.956871356415865, 57.698306594214756], [11.956889911448913, 57.698348735600185], [11.956612722962037, 57.698383725559154]]]}}, {"type": "Feature", "properties": {"height": 14.392502175002942}, "geometry": {"type": "Polygon", "coordinates": [[[11.95717904149661, 57.697867781963325], [11.956996638408505, 57.69790814472241], [11.95665358152287, 57.69744112037704], [11.957246777711859, 57.69736465869217], [11.957293552054615, 57.69746560376415], [11.957162952096036, 57.69748239723006], [11.957090252200244, 57.69749175735718], [11.956916840156852, 57.69751401888817], [11.956997106289348, 57.697622331026395], [11.957026846833434, 57.69766240463863], [11.957103057933963, 57.69776523537736], [11.957129367614899, 57.697800786390786], [11.95717904149661, 57.697867781963325]]]}}, {"type": "Feature", "properties": {"height": 10.561193504120943}, "geometry": {"type": "Polygon", "coordinates": [[[11.95734733446055, 57.69809278946263], [11.95732142884872, 57.69809622883931], [11.957154002900339, 57.69812134009549], [11.957017173188024, 57.697936096850185], [11.957201537495715, 57.69789756983621], [11.95722843692926, 57.697933296795554], [11.957373853265189, 57.69790179589052], [11.95743995373005, 57.69798729715223], [11.957292190154392, 57.698018759648846], [11.95734733446055, 57.69809278946263]]]}}, {"type": "Feature", "properties": {"height": 9.207290968689328}, "geometry": {"type": "Polygon", "coordinates": [[[11.957141642948008, 57.69694557520619], [11.957307437221006, 57.696923840200775], [11.957332580053484, 57.69697889386844], [11.95734369682487, 57.69697744459566], [11.957374337819662, 57.69704439570538], [11.957363132749219, 57.69704589678457], [11.957387739996514, 57.69709973317273], [11.95722194947664, 57.697121414456724], [11.957141642948008, 57.69694557520619]]]}}, {"type": "Feature", "properties": {"height": 13.122750569887335}, "geometry": {"type": "Polygon", "coordinates": [[[11.957534598301036, 57.696934167016614], [11.957712189519095, 57.69691147491509], [11.957838648478006, 57.69718531360122], [11.95781197885036, 57.69720847216767], [11.957249639475004, 57.69728154430819], [11.957199805778576, 57.69718205356197], [11.957616239313602, 57.697127735307475], [11.957534598301036, 57.696934167016614]]]}}, {"type": "Feature", "properties": {"height": 12.147951536059653}, "geometry": {"type": "Polygon", "coordinates": [[[11.958260246851374, 57.69812900117008], [11.958353328846899, 57.69834294996542], [11.958311504500383, 57.6983740580396], [11.95737111100193, 57.698414598711416], [11.957154002900339, 57.69812134009549], [11.95732142884872, 57.69809622883931], [11.957481832295176, 57.69831965321372], [11.957840326218927, 57.69830258841192], [11.958012015744705, 57.69829229200372], [11.958146983359734, 57.69827949443085], [11.958115343915033, 57.698203405792114], [11.958092502798483, 57.69819112725096], [11.957976076502359, 57.69820102717623], [11.957955785065092, 57.69815835885814], [11.958260246851374, 57.69812900117008]]]}}, {"type": "Feature", "properties": {"height": 13.437442138714445}, "geometry": {"type": "Polygon", "coordinates": [[[11.957499589062234, 57.69758387968922], [11.95754029733023, 57.69767910622805], [11.957500606918998, 57.697681782640544], [11.957513616120114, 57.69771039852869], [11.957812545982268, 57.69767250519636], [11.95781614752701, 57.69767759809084], [11.957860647200432, 57.69767162183839], [11.95781021513377, 57.69755762844951], [11.957743953823991, 57.69740761720039], [11.957486968412061, 57.697441000705275], [11.957353796033113, 57.69745824479985], [11.957308352876261, 57.69735603751405], [11.957824072878145, 57.69728841400526], [11.957841363813682, 57.69732222000504], [11.957904866140668, 57.69731443582748], [11.958115051820716, 57.69778267427129], [11.957920046444109, 57.69780739288815], [11.957888378844327, 57.69773505146126], [11.957843282366829, 57.697740537010816], [11.95784882806511, 57.69776407493647], [11.957674037012403, 57.697784956162664], [11.957677899406658, 57.69779894438903], [11.957388831178106, 57.69783533098311], [11.957380357449255, 57.69782068355797], [11.957333324210758, 57.69782604144819], [11.957293660104812, 57.69773758089861], [11.957393629366521, 57.69772453544557], [11.957384130790038, 57.697699895762], [11.957373260382898, 57.69770120716093], [11.957331934325477, 57.69760454560967], [11.957499589062234, 57.69758387968922]]]}}, {"type": "Feature", "properties": {"height": 4.26}, "geometry": {"type": "Polygon", "coordinates": [[[11.957389137400428, 57.697516797402294], [11.957489953087126, 57.69750405985627], [11.95750148938612, 57.69753022256689], [11.957518810152912, 57.6975280596672], [11.957530251788171, 57.69755395046002], [11.95751286023456, 57.69755615659834], [11.957525097986949, 57.69758396299273], [11.957500920933105, 57.69758701255913], [11.957499589062234, 57.69758387968922], [11.95742278475784, 57.697593339015654], [11.957389137400428, 57.697516797402294]]]}}, {"type": "Feature", "properties": {"height": 10.266139687181914}, "geometry": {"type": "Polygon", "coordinates": [[[11.957461498454006, 57.698075438641766], [11.957504328005488, 57.69814759028471], [11.957462434836069, 57.698154905402724], [11.957418531844299, 57.6980829436336], [11.957461498454006, 57.698075438641766]]]}}, {"type": "Feature", "properties": {"height": 10.510956077690128}, "geometry": {"type": "Polygon", "coordinates": [[[11.95760957000471, 57.69804190714418], [11.957608101659082, 57.69803940014778], [11.957772957742916, 57.69801129642816], [11.957877070967754, 57.698186566285244], [11.957855256337188, 57.69819026594554], [11.95777248987173, 57.698204345702614], [11.957712217921769, 57.69821462528388], [11.957661540671893, 57.69812936033212], [11.957508966268504, 57.69815533259758], [11.957504328005488, 57.69814759028471], [11.957461498454006, 57.698075438641766], [11.957456995936246, 57.69806787935046], [11.95760957000471, 57.69804190714418]]]}}, {"type": "Feature", "properties": {"height": 4.765334006740026}, "geometry": {"type": "Polygon", "coordinates": [[[11.957670457940733, 57.697861024730706], [11.957826817818228, 57.697841138277816], [11.9578618690357, 57.6979199694864], [11.957705505071619, 57.69793990082843], [11.957696855196287, 57.697920548507604], [11.957679379632076, 57.69788113857707], [11.957670457940733, 57.697861024730706]]]}}, {"type": "Feature", "properties": {"height": 2.800109003065785}, "geometry": {"type": "Polygon", "coordinates": [[[11.957763473391246, 57.697946067672085], [11.957788938895177, 57.697987287585796], [11.957738634631122, 57.69799621605125], [11.957713068659896, 57.697954993710226], [11.957763473391246, 57.697946067672085]]]}}, {"type": "Feature", "properties": {"height": 3.1956616357750898}, "geometry": {"type": "Polygon", "coordinates": [[[11.957696576748424, 57.69858450645397], [11.957797293059583, 57.69857999017937], [11.957802021943104, 57.698609862917166], [11.957701205028606, 57.698614376776995], [11.957696576748424, 57.69858450645397]]]}}, {"type": "Feature", "properties": {"height": 12.892269042385998}, "geometry": {"type": "Polygon", "coordinates": [[[11.957866992639946, 57.697287657691454], [11.957885113210306, 57.697292767231815], [11.957890313839941, 57.69731621596692], [11.957841015013878, 57.697322175664205], [11.957826930883419, 57.697293965376645], [11.957866992639946, 57.697287657691454]]]}}, {"type": "Feature", "properties": {"height": 3.663028227160212}, "geometry": {"type": "Polygon", "coordinates": [[[11.95777248987173, 57.698204345702614], [11.957855256337188, 57.69819026594554], [11.95788229048996, 57.69823960370273], [11.957843417717871, 57.69824573328144], [11.95784837575436, 57.698254867411094], [11.957804061380802, 57.69826182780919], [11.95777248987173, 57.698204345702614]]]}}, {"type": "Feature", "properties": {"height": 14.125}, "geometry": {"type": "Polygon", "coordinates": [[[11.957938050002145, 57.69812103691443], [11.958053691152315, 57.698104485060895], [11.957932378350838, 57.69783148050215], [11.958120948803861, 57.69780702954311], [11.958260246851374, 57.69812900117008], [11.957955785065092, 57.69815835885814], [11.957938050002145, 57.69812103691443]]]}}, {"type": "Feature", "properties": {"height": 2.719503244404999}, "geometry": {"type": "Polygon", "coordinates": [[[11.958023838688316, 57.698196989820666], [11.958042201990118, 57.69825323744095], [11.957994911476293, 57.69825765465285], [11.957976448836902, 57.698200991191314], [11.958023838688316, 57.698196989820666]]]}}, {"type": "Feature", "properties": {"height": 8.69115649743922}, "geometry": {"type": "Polygon", "coordinates": [[[11.95850602627772, 57.697283458949876], [11.958525099363653, 57.69732744607287], [11.958409214184208, 57.6973417364845], [11.958403263107833, 57.69732803060956], [11.958305302371501, 57.69734016343392], [11.958263760226055, 57.69737512509554], [11.958308040220247, 57.697478023060484], [11.958298423924367, 57.6974791939256], [11.958310314761063, 57.69750674023162], [11.95826779608188, 57.69751131722247], [11.958188836772043, 57.69732635243883], [11.95850602627772, 57.697283458949876]]]}}, {"type": "Feature", "properties": {"height": 10.994964256125272}, "geometry": {"type": "Polygon", "coordinates": [[[11.958302239777383, 57.69794719674038], [11.958463538628457, 57.69792646656269], [11.958503391262918, 57.69792285900242], [11.9586049130452, 57.69815928260538], [11.95840603343622, 57.698182938143965], [11.958302239777383, 57.69794719674038]]]}}, {"type": "Feature", "properties": {"height": 10.484199525412546}, "geometry": {"type": "Polygon", "coordinates": [[[11.958545543648745, 57.698182221293465], [11.958592760393573, 57.69827934759281], [11.958615848911801, 57.69827707156331], [11.958618741249778, 57.698260001151525], [11.958632057454654, 57.69825094694063], [11.958654419191365, 57.698249129788614], [11.958672069106973, 57.69825585470326], [11.95868102642579, 57.69826394349249], [11.958740760923096, 57.69826147001712], [11.958743767947524, 57.69825163763374], [11.958751638410932, 57.69824606561593], [11.958765212290013, 57.698245547119875], [11.958777210583856, 57.69825020373108], [11.95878854474647, 57.69825997647329], [11.958842724399872, 57.69825628185353], [11.958845647625818, 57.698259857424446], [11.95885841001908, 57.698345270850155], [11.958473010988941, 57.69835948055219], [11.958399768730335, 57.69820038584195], [11.958545543648745, 57.698182221293465]]]}}, {"type": "Feature", "properties": {"height": 4.0367535077595145}, "geometry": {"type": "Polygon", "coordinates": [[[11.95854008459579, 57.69720522917655], [11.958611568889118, 57.69719574013219], [11.958634805254066, 57.697245930141925], [11.958563320867007, 57.69725541919843], [11.95854008459579, 57.69720522917655]]]}}, {"type": "Feature", "properties": {"height": 3.0301427490092383}, "geometry": {"type": "Polygon", "coordinates": [[[11.958783950044936, 57.698136228219845], [11.958796689572207, 57.69816807312352], [11.958654686816441, 57.698184297390256], [11.9586419481615, 57.698152443503716], [11.958783950044936, 57.698136228219845]]]}}, {"type": "Feature", "properties": {"height": 3.78668305260066}, "geometry": {"type": "Polygon", "coordinates": [[[11.959045246506085, 57.69778366793533], [11.9589567222776, 57.697794760852126], [11.958965474679658, 57.697814699757274], [11.958844666703252, 57.69782982495072], [11.958821830303686, 57.69777746054531], [11.958814021483185, 57.69775828132513], [11.959022757955712, 57.69773215679674], [11.959045246506085, 57.69778366793533]]]}}, {"type": "Feature", "properties": {"height": 6.123238768384329}, "geometry": {"type": "Polygon", "coordinates": [[[11.95888941198299, 57.69808391960328], [11.95890672272791, 57.69812310967248], [11.958863067641364, 57.69812881899152], [11.95884290598572, 57.69813142608541], [11.958825425315142, 57.69809206115056], [11.95888941198299, 57.69808391960328]]]}}, {"type": "Feature", "properties": {"height": 4.347073163418547}, "geometry": {"type": "Polygon", "coordinates": [[[11.958966546210872, 57.69811556904877], [11.958976608485315, 57.698138505455724], [11.95887312062342, 57.698151665304984], [11.958863067641364, 57.69812881899152], [11.95890672272791, 57.69812310967248], [11.958966546210872, 57.69811556904877]]]}}, {"type": "Feature", "properties": {"height": 7.418648894700361}, "geometry": {"type": "Polygon", "coordinates": [[[11.958961156020083, 57.698657608509336], [11.959048281402708, 57.698655613651766], [11.959053713017356, 57.698689529808014], [11.95922338216875, 57.69868132228458], [11.959228245762887, 57.69872841903401], [11.959063763034026, 57.69873443237303], [11.959025875779005, 57.69875883148055], [11.958979964344582, 57.69876081054695], [11.958929425557498, 57.69873930077662], [11.958927147064005, 57.69871542802033], [11.95896503665329, 57.69869180195882], [11.958961156020083, 57.698657608509336]]]}}, {"type": "Feature", "properties": {"height": 2.886791713990096}, "geometry": {"type": "Polygon", "coordinates": [[[11.959118204002879, 57.69789493969316], [11.959131029519881, 57.697923559966554], [11.95904487168171, 57.69793465591234], [11.959032013475353, 57.69790602585547], [11.959118204002879, 57.69789493969316]]]}}, {"type": "Feature", "properties": {"height": 9.910968567924426}, "geometry": {"type": "Polygon", "coordinates": [[[11.959074757111294, 57.69772963202218], [11.95926706205391, 57.69770286938123], [11.959450720976296, 57.69809771042926], [11.959274900087909, 57.69812125650919], [11.959223415919995, 57.69801094149199], [11.959189297831184, 57.69801582860639], [11.959141933770812, 57.697914438731445], [11.959176988097228, 57.69790999657087], [11.959123095244232, 57.69779458137424], [11.959105603145721, 57.69779678531472], [11.959074757111294, 57.69772963202218]]]}}, {"type": "Feature", "properties": {"height": 13.290000000000001}, "geometry": {"type": "Polygon", "coordinates": [[[11.959311897280612, 57.69822436546249], [11.959287124241278, 57.69813443005669], [11.959454215107634, 57.69811349630877], [11.959535613952434, 57.6982940877666], [11.959493865536013, 57.6983225016677], [11.959126650817009, 57.69833607191852], [11.959108200319989, 57.69823820833692], [11.959104861184592, 57.698233786897354], [11.959311897280612, 57.69822436546249]]]}}, {"type": "Feature", "properties": {"height": 12.402493221883669}, "geometry": {"type": "Polygon", "coordinates": [[[11.95920318055916, 57.69726117743991], [11.959373739986772, 57.697238269007684], [11.959386488291463, 57.697266608776246], [11.959215498363685, 57.697288644037975], [11.95920318055916, 57.69726117743991]]]}}, {"type": "Feature", "properties": {"height": 11.937776502570902}, "geometry": {"type": "Polygon", "coordinates": [[[11.959430571659691, 57.697343661322456], [11.959487580698928, 57.69733523491526], [11.959504831022674, 57.69736874308715], [11.959447839439314, 57.69737716093449], [11.95943085310889, 57.69734410849599], [11.959430571659691, 57.697343661322456]]]}}, {"type": "Feature", "properties": {"height": 4.183783108176}, "geometry": {"type": "Polygon", "coordinates": [[[11.959589238806172, 57.69726618870213], [11.959666001262997, 57.69725501037957], [11.959695378543099, 57.697312861677815], [11.959618619732238, 57.697323995167835], [11.959589238806172, 57.69726618870213]]]}}, {"type": "Feature", "properties": {"height": 9.907}, "geometry": {"type": "Polygon", "coordinates": [[[11.959033083242517, 57.69856060551865], [11.95904272959677, 57.69862032844231], [11.958996902452709, 57.69862190508261], [11.958987390953597, 57.69856217640862], [11.959033083242517, 57.69856060551865]]]}}, {"type": "Feature", "properties": {"height": 2.893897353046131}, "geometry": {"type": "Polygon", "coordinates": [[[11.958803327937689, 57.69817819134479], [11.958846796988004, 57.69817069796507], [11.958872904435824, 57.6982142879077], [11.95882952286615, 57.69822173846075], [11.958803327937689, 57.69817819134479]]]}}, {"type": "Feature", "properties": {"height": 2.979867595359707}, "geometry": {"type": "Polygon", "coordinates": [[[11.959082029008787, 57.698168354222844], [11.95906897941621, 57.698141804767396], [11.959241613586062, 57.698117427376864], [11.959254680050707, 57.698143977218464], [11.959082029008787, 57.698168354222844]]]}}, {"type": "Feature", "properties": {"height": 13.981344446067883}, "geometry": {"type": "Polygon", "coordinates": [[[11.958756896383678, 57.698007652727824], [11.958768174872821, 57.69803309906164], [11.958648030951418, 57.69804830296029], [11.95863683630853, 57.69802285863077], [11.958756896383678, 57.698007652727824]]]}}, {"type": "Feature", "properties": {"height": 5.968775618771823}, "geometry": {"type": "Polygon", "coordinates": [[[11.958800046583983, 57.69788046860075], [11.95881761150423, 57.69792042877011], [11.958752875182695, 57.6979287050472], [11.958735043234123, 57.69788892719368], [11.958800046583983, 57.69788046860075]]]}}, {"type": "Feature", "properties": {"height": 12.063321378982398}, "geometry": {"type": "Polygon", "coordinates": [[[11.959498485057653, 57.697487464702064], [11.959553414212348, 57.6974800218756], [11.959569563550623, 57.697514249567824], [11.95951463509907, 57.69752168343097], [11.959498485057653, 57.697487464702064]]]}}, {"type": "Feature", "properties": {"height": 2.7058361301191107}, "geometry": {"type": "Polygon", "coordinates": [[[11.95913794439396, 57.698176187763956], [11.95915469078944, 57.69821130168917], [11.95910657726567, 57.69821792853151], [11.959089767662388, 57.698182768140136], [11.95913794439396, 57.698176187763956]]]}}, {"type": "Feature", "properties": {"height": 14.266422814224239}, "geometry": {"type": "Polygon", "coordinates": [[[11.958302239777383, 57.69794719674038], [11.958003534501225, 57.69726665626327], [11.958473643338609, 57.6972040269823], [11.958509367017486, 57.69728285620017], [11.958188836772043, 57.69732635243883], [11.95826779608188, 57.69751131722247], [11.95832839351569, 57.69750494597853], [11.958419735883249, 57.69770600020067], [11.958363998567856, 57.69771226366713], [11.958421121570082, 57.69782936573688], [11.958496756277407, 57.69782044391526], [11.95850928202746, 57.69784983001216], [11.95843609065339, 57.69786004194062], [11.958463537876044, 57.697926475532505], [11.958302239777383, 57.69794719674038]]]}}, {"type": "Feature", "properties": {"height": 10.171315814081039}, "geometry": {"type": "Polygon", "coordinates": [[[11.959046778465236, 57.696424102599686], [11.958811143442883, 57.69645540448419], [11.958712913217925, 57.69624341735688], [11.958948546183212, 57.69621212461186], [11.959046778465236, 57.696424102599686]]]}}, {"type": "Feature", "properties": {"height": 9.483259943393538}, "geometry": {"type": "Polygon", "coordinates": [[[11.959064329298732, 57.69658832935334], [11.958887991859566, 57.696614316079724], [11.958837040966996, 57.69651529349726], [11.959014411894174, 57.696489187889036], [11.959030928337395, 57.69652142917616], [11.95904974491654, 57.69651863693168], [11.959070165965596, 57.696525536282365], [11.95907642556791, 57.696537766536665], [11.95906508230252, 57.696550526301394], [11.959046349470455, 57.69655332056182], [11.959064329298732, 57.69658832935334]]]}}, {"type": "Feature", "properties": {"height": 11.904924484661397}, "geometry": {"type": "Polygon", "coordinates": [[[11.959077823914713, 57.69658834820199], [11.95915292473861, 57.69674509644932], [11.958965135525931, 57.696770915831905], [11.958890020971959, 57.69661414016869], [11.959077823914713, 57.69658834820199]]]}}, {"type": "Feature", "properties": {"height": 13.319841025253382}, "geometry": {"type": "Polygon", "coordinates": [[[11.959504990338047, 57.696984873065716], [11.959136961240517, 57.697032937175926], [11.95908108844239, 57.69701520893549], [11.958998855451316, 57.696835414929886], [11.958965305308904, 57.696770892950205], [11.95915292473861, 57.69674509644932], [11.959226202004189, 57.69689917632868], [11.959261724300314, 57.69690935976042], [11.95940477892233, 57.69689113789039], [11.959399203757107, 57.69688115311182], [11.959451765438459, 57.69687450728151], [11.959504990338047, 57.696984873065716]]]}}, {"type": "Feature", "properties": {"height": 10.973765117020589}, "geometry": {"type": "Polygon", "coordinates": [[[11.959171737644159, 57.696323386278586], [11.959366297905477, 57.69643659270596], [11.95948447599995, 57.69638170423792], [11.959588022179618, 57.69644185979041], [11.959413908378968, 57.69652562108396], [11.959322178165866, 57.69654295564773], [11.959110165180972, 57.69658221403734], [11.959081517110427, 57.696536702542346], [11.959329818989088, 57.696491872258484], [11.959298861747587, 57.69644026542278], [11.959139935097825, 57.69647062573063], [11.95910731513417, 57.696409424713266], [11.959171737644159, 57.696323386278586]]]}}, {"type": "Feature", "properties": {"height": 4.794803947974188}, "geometry": {"type": "Polygon", "coordinates": [[[11.95940267827297, 57.69689136601771], [11.959261724300314, 57.69690935976042], [11.959226202004189, 57.69689917632868], [11.959077823914713, 57.69658834820199], [11.959239838315494, 57.696558206002834], [11.959280449533402, 57.696584968650605], [11.959254234932367, 57.69659250845545], [11.959246375238514, 57.69659775719322], [11.959235133171003, 57.69660230444961], [11.959219908924299, 57.696604895471474], [11.959196636088972, 57.696602376605064], [11.95915380645458, 57.696639500636714], [11.959185980787913, 57.69671722868957], [11.959234637470233, 57.69673192525268], [11.95925408732811, 57.69677442932362], [11.959230183229316, 57.6967970524672], [11.959254461441859, 57.69686004822027], [11.959308214704414, 57.69687902868079], [11.959354300225021, 57.69687174185608], [11.959399901015074, 57.69688605031164], [11.95940267827297, 57.69689136601771]]]}}, {"type": "Feature", "properties": {"height": 22.833611409889155}, "geometry": {"type": "Polygon", "coordinates": [[[11.95939143988573, 57.69570014301091], [11.959559488266034, 57.69579838510595], [11.959395367459328, 57.69587751510118], [11.959232187631281, 57.69577686422818], [11.95939143988573, 57.69570014301091]]]}}, {"type": "Feature", "properties": {"height": 2.5}, "geometry": {"type": "Polygon", "coordinates": [[[11.959374988963457, 57.696702691159174], [11.959341092717759, 57.696707349944404], [11.95928588451415, 57.696596424084106], [11.959325463535256, 57.69659185698952], [11.959329874438675, 57.69660191265087], [11.959326697334621, 57.69660236656044], [11.959374988963457, 57.696702691159174]]]}}, {"type": "Feature", "properties": {"height": 6.390000000000001}, "geometry": {"type": "Polygon", "coordinates": [[[11.959380172445808, 57.69653197345933], [11.959526037212422, 57.696840772429546], [11.95949186795928, 57.69684588307774], [11.959341007658898, 57.69653940868558], [11.959380172445808, 57.69653197345933]]]}}, {"type": "Feature", "properties": {"height": 2.5}, "geometry": {"type": "Polygon", "coordinates": [[[11.959391552318674, 57.69673718049902], [11.959443311016429, 57.69684460797319], [11.959407470995282, 57.696849624507756], [11.95935558514605, 57.696742113069654], [11.959391552318674, 57.69673718049902]]]}}, {"type": "Feature", "properties": {"height": 5.7379999999999995}, "geometry": {"type": "Polygon", "coordinates": [[[11.959380101675004, 57.69653201669761], [11.95941390762683, 57.69652563005381], [11.959411127395496, 57.69652695634586], [11.95971512760136, 57.69671154158015], [11.959759312289899, 57.6968060060421], [11.959526101966707, 57.69684080094986], [11.959380101675004, 57.69653201669761]]]}}, {"type": "Feature", "properties": {"height": 19.65}, "geometry": {"type": "Polygon", "coordinates": [[[11.959620618864287, 57.696972022556544], [11.959506078521553, 57.696987110251044], [11.959448204419157, 57.69686752794727], [11.959446305681105, 57.696862745672135], [11.959449201556094, 57.6968576382465], [11.959455921962103, 57.69685296429906], [11.959464832523123, 57.696849196851964], [11.959476026985948, 57.696846419049535], [11.959490783343123, 57.696845605343476], [11.959491882455554, 57.69684591038998], [11.9597591035302, 57.696805893169284], [11.959715127808435, 57.69671173931925], [11.959411144148012, 57.69652695674857], [11.959627749469004, 57.69642270878152], [11.959992109664075, 57.69663857512959], [11.960096761934718, 57.69687117196659], [11.959809715102383, 57.69691620498679], [11.959606612234126, 57.69694267288191], [11.959620618864287, 57.696972022556544]]]}}, {"type": "Feature", "properties": {"height": 6.366147564967541}, "geometry": {"type": "Polygon", "coordinates": [[[11.959907918123795, 57.69617876115129], [11.959807516680662, 57.696120541942385], [11.959947975934474, 57.69605174504156], [11.959945622928442, 57.696050178516714], [11.959988058481393, 57.69604656968529], [11.96001435480763, 57.696124147248746], [11.960016208050297, 57.69612546807475], [11.959907918123795, 57.69617876115129]]]}}, {"type": "Feature", "properties": {"height": 8.602461984905291}, "geometry": {"type": "Polygon", "coordinates": [[[11.959952294959102, 57.69689423211713], [11.960004078965424, 57.6968874505241], [11.96007155744652, 57.697030452193474], [11.960019697003043, 57.697037142100555], [11.959952294959102, 57.69689423211713]]]}}, {"type": "Feature", "properties": {"height": 5.968}, "geometry": {"type": "Polygon", "coordinates": [[[11.96038941240702, 57.696213189477845], [11.960394016682088, 57.69625939014342], [11.960396931038401, 57.696282496200695], [11.960345180508817, 57.696284083732436], [11.960342465865354, 57.69628402748186], [11.960338529378173, 57.69628352842378], [11.960334919788812, 57.696282533898476], [11.960332779148901, 57.696281637590495], [11.960330937586349, 57.6962805776996], [11.960328827143288, 57.69627872041055], [11.960327573118752, 57.69627665900525], [11.9603204402188, 57.69622838427508], [11.960350169727766, 57.696227768528026], [11.960348622456905, 57.696214186559075], [11.96038941240702, 57.696213189477845]]]}}, {"type": "Feature", "properties": {"height": 22.822998521875718}, "geometry": {"type": "Polygon", "coordinates": [[[11.959395367459328, 57.69587751510118], [11.959559488266034, 57.69579838510595], [11.959778275689974, 57.69592632927632], [11.959613944652949, 57.696006964472275], [11.959572875165712, 57.69598286930706], [11.959561688646398, 57.695987157275205], [11.959534131967224, 57.695970469399825], [11.959541750107674, 57.6959644958065], [11.959463956304088, 57.695919339927094], [11.959451762465305, 57.695922228519116], [11.959426656499952, 57.69590654326336], [11.959432364684679, 57.695900326027996], [11.959395367459328, 57.69587751510118]]]}}, {"type": "Feature", "properties": {"height": 19.294999999999995}, "geometry": {"type": "Polygon", "coordinates": [[[11.959778275689974, 57.69592632927632], [11.959779378952586, 57.69592698494918], [11.959763845293304, 57.69593627357972], [11.959947975934474, 57.69605174504156], [11.959807517432692, 57.69612053297254], [11.959613944652949, 57.696006964472275], [11.959778275689974, 57.69592632927632]]]}}, {"type": "Feature", "properties": {"height": 12.917900459786374}, "geometry": {"type": "Polygon", "coordinates": [[[11.959779379704619, 57.69592697597932], [11.959559364984116, 57.695798454045786], [11.959785219902322, 57.69568973652343], [11.959790175548102, 57.695686287438356], [11.959914654284402, 57.69586174853453], [11.959779379704619, 57.69592697597932]]]}}]}
